"row","col","nameCS.1","from","to","value"
99,98,"Location 1",2006-01-03,2006-01-07,0.103614430776133
109,102,"Location 2",2006-01-01,2006-01-02,0.0307173370218313
3,23,"Location 3",2006-01-07,2006-01-07,3.40534087780083e-05
92,57,"Location 4",2006-01-06,2006-01-06,0.0535147319169482
118,89,"Location 5",2006-01-06,2006-01-07,0.000832762711529729
11,17,"Location 6",2006-01-06,2006-01-06,0.00232320428968554
2,81,"Location 7",2006-01-07,2006-01-07,0.0016023873670908
75,115,"Location 8",2006-01-01,2006-01-06,0.00707394075306746
59,109,"Location 9",2006-01-02,2006-01-03,0.0546904242545073
64,73,"Location 10",2006-01-03,2006-01-03,0.0739852994229295
111,118,"Location 11",2006-01-05,2006-01-07,0.0354682593852987
30,108,"Location 12",2006-01-02,2006-01-05,0.0138372589049141
112,65,"Location 13",2006-01-01,2006-01-03,0.0148256186401044
48,88,"Location 14",2006-01-03,2006-01-07,0.0412395724652015
58,112,"Location 15",2006-01-06,2006-01-06,0.0510484308051673
39,67,"Location 16",2006-01-06,2006-01-06,0.0180248927676985
104,98,"Location 17",2006-01-04,2006-01-07,0.0834154815384143
108,61,"Location 18",2006-01-06,2006-01-06,0.0116165186909711
68,23,"Location 19",2006-01-03,2006-01-05,0.0207458842882918
26,19,"Location 20",2006-01-02,2006-01-03,0.0119461169371486
31,111,"Location 21",2006-01-07,2006-01-07,0.043472975903569
69,54,"Location 22",2006-01-03,2006-01-04,0.0372706362365231
28,47,"Location 23",2006-01-06,2006-01-07,0.0223183380541059
95,102,"Location 24",2006-01-07,2006-01-07,0.0117282543214969
59,93,"Location 25",2006-01-05,2006-01-07,0.0951908311890293
71,73,"Location 26",2006-01-05,2006-01-07,0.0662360776004789
109,80,"Location 27",2006-01-03,2006-01-07,0.0179898507838061
57,121,"Location 28",2006-01-01,2006-01-02,0.139474301837102
112,88,"Location 29",2006-01-06,2006-01-07,0.00476446558176728
109,121,"Location 30",2006-01-01,2006-01-03,0.045021319178002
85,116,"Location 31",2006-01-01,2006-01-01,0.0418284809597935
27,121,"Location 32",2006-01-03,2006-01-07,0.00529563198862585
54,69,"Location 33",2006-01-06,2006-01-06,0.109024894603256
99,111,"Location 34",2006-01-04,2006-01-07,0.107375846065831
67,26,"Location 35",2006-01-03,2006-01-06,0.0320882459542796
37,70,"Location 36",2006-01-04,2006-01-05,0.0424327243706557
52,62,"Location 37",2006-01-04,2006-01-07,0.129387569643313
73,99,"Location 38",2006-01-01,2006-01-05,0.039573760753342
89,56,"Location 39",2006-01-07,2006-01-07,0.143901275805547
57,27,"Location 40",2006-01-04,2006-01-06,0.124491752005598
61,95,"Location 41",2006-01-04,2006-01-07,0.0925585501902285
48,64,"Location 42",2006-01-06,2006-01-07,0.0642007883300266
39,14,"Location 43",2006-01-03,2006-01-07,0.0102758493738975
11,49,"Location 44",2006-01-04,2006-01-07,0.00438591890983275
58,84,"Location 45",2006-01-02,2006-01-04,0.0170394390516372
114,67,"Location 46",2006-01-05,2006-01-06,0.0203571612284274
116,16,"Location 47",2006-01-05,2006-01-07,0.000244669498562623
4,9,"Location 48",2006-01-05,2006-01-07,0.00159903293766522
45,82,"Location 49",2006-01-06,2006-01-07,0.039647447816075
103,50,"Location 50",2006-01-05,2006-01-06,0.0360203846791289
35,5,"Location 51",2006-01-07,2006-01-07,0.0993973847774517
62,102,"Location 52",2006-01-02,2006-01-02,0.0550234033956561
87,114,"Location 53",2006-01-03,2006-01-07,0.0613318814127221
56,43,"Location 54",2006-01-05,2006-01-07,0.200072462373808
40,20,"Location 55",2006-01-04,2006-01-05,0.0341140863753253
56,62,"Location 56",2006-01-03,2006-01-06,0.153206942930713
8,26,"Location 57",2006-01-07,2006-01-07,6.80116475730112e-05
9,14,"Location 58",2006-01-01,2006-01-01,0.000329828937458328
39,32,"Location 59",2006-01-04,2006-01-07,0.0897988239974741
67,27,"Location 60",2006-01-07,2006-01-07,0.0354020014583512
12,13,"Location 61",2006-01-06,2006-01-07,0.00215531818170689
54,67,"Location 62",2006-01-04,2006-01-07,0.112273388708672
54,113,"Location 63",2006-01-05,2006-01-07,0.0161505413416307
79,101,"Location 64",2006-01-01,2006-01-03,0.0800120220926854
30,10,"Location 65",2006-01-06,2006-01-07,0.0144318218768073
96,54,"Location 66",2006-01-04,2006-01-07,0.0150939864388041
64,111,"Location 67",2006-01-07,2006-01-07,0.0155478158679519
37,105,"Location 68",2006-01-06,2006-01-07,0.0332417823187825
42,116,"Location 69",2006-01-03,2006-01-07,0.0102166212845608
97,105,"Location 70",2006-01-06,2006-01-07,0.0597682449760365
87,117,"Location 71",2006-01-05,2006-01-06,0.0592940064431483
100,85,"Location 72",2006-01-03,2006-01-06,0.120684101583871
6,46,"Location 73",2006-01-04,2006-01-07,0.00143323399537376
42,74,"Location 74",2006-01-05,2006-01-07,0.0773556281122486
64,120,"Location 75",2006-01-01,2006-01-05,0.00154010114054396
115,60,"Location 76",2006-01-02,2006-01-05,0.00291589875089926
71,12,"Location 77",2006-01-06,2006-01-07,0.0300442768358759
64,59,"Location 78",2006-01-06,2006-01-06,0.121299757059508
107,88,"Location 79",2006-01-02,2006-01-02,0.15649355888551
30,102,"Location 80",2006-01-01,2006-01-03,0.029874595652599
97,51,"Location 81",2006-01-06,2006-01-07,0.015006218632152
38,16,"Location 82",2006-01-02,2006-01-05,0.00853200124003213
53,73,"Location 83",2006-01-06,2006-01-07,0.0779104404197521
58,65,"Location 84",2006-01-02,2006-01-06,0.102940620589228
86,108,"Location 85",2006-01-07,2006-01-07,0.171808083299159
36,26,"Location 86",2006-01-03,2006-01-07,0.0445392957506859
70,118,"Location 87",2006-01-06,2006-01-07,0.00638006921368136
42,63,"Location 88",2006-01-01,2006-01-02,0.0104675342290269
102,52,"Location 89",2006-01-01,2006-01-03,0.00657556579773831
37,97,"Location 90",2006-01-07,2006-01-07,0.0196849686820618
51,27,"Location 91",2006-01-06,2006-01-07,0.0988697568118369
43,37,"Location 92",2006-01-01,2006-01-01,0.0752845251289121
102,66,"Location 93",2006-01-02,2006-01-02,0.0695827778448195
95,70,"Location 94",2006-01-07,2006-01-07,0.191923578919765
74,64,"Location 95",2006-01-04,2006-01-04,0.0864619363104187
109,81,"Location 96",2006-01-01,2006-01-05,0.0172946780995294
9,12,"Location 97",2006-01-03,2006-01-03,0.00273007256623714
118,117,"Location 98",2006-01-01,2006-01-01,0.00650088263642878
89,100,"Location 99",2006-01-05,2006-01-07,0.519050446301763
67,109,"Location 100",2006-01-04,2006-01-05,0.0463613008226578
109,80,"Location 101",2006-01-03,2006-01-07,0.0179898507838061
11,17,"Location 102",2006-01-07,2006-01-07,0.0020124652640637
87,117,"Location 103",2006-01-04,2006-01-07,0.0649964545308042
71,73,"Location 104",2006-01-01,2006-01-01,0.0451539468476388
104,98,"Location 105",2006-01-06,2006-01-07,0.0389730595173887
30,108,"Location 106",2006-01-04,2006-01-07,0.0106799919201706
57,121,"Location 107",2006-01-01,2006-01-01,0.154638744447766
45,82,"Location 108",2006-01-02,2006-01-07,0.034630675293733
67,109,"Location 109",2006-01-01,2006-01-06,0.0399084133972691
53,73,"Location 110",2006-01-06,2006-01-07,0.0779104404197521
59,109,"Location 111",2006-01-03,2006-01-07,0.0735894833572577
57,121,"Location 112",2006-01-06,2006-01-07,0.0326368525710071
58,112,"Location 113",2006-01-03,2006-01-07,0.0838181554778809
111,118,"Location 114",2006-01-06,2006-01-07,0.0370775334014676
73,99,"Location 115",2006-01-06,2006-01-07,0.150768415475492
86,108,"Location 116",2006-01-02,2006-01-06,0.0977377839565937
9,14,"Location 117",2006-01-02,2006-01-04,0.00372975348975994
42,116,"Location 118",2006-01-01,2006-01-04,0.0141739740868729
79,101,"Location 119",2006-01-03,2006-01-07,0.213069899352073
38,16,"Location 120",2006-01-02,2006-01-06,0.00935821322229913
108,61,"Location 121",2006-01-03,2006-01-06,0.00967462844414513
42,116,"Location 122",2006-01-06,2006-01-07,0.0118899281721004
95,70,"Location 123",2006-01-05,2006-01-07,0.175914397206927
73,99,"Location 124",2006-01-06,2006-01-06,0.0863186898338123
107,88,"Location 125",2006-01-01,2006-01-02,0.0832528811523699
39,67,"Location 126",2006-01-03,2006-01-07,0.0190035603594652
39,67,"Location 127",2006-01-06,2006-01-07,0.0231111530126782
104,98,"Location 128",2006-01-01,2006-01-01,0.0213196690973897
58,65,"Location 129",2006-01-05,2006-01-07,0.0974394503524915
75,115,"Location 130",2006-01-04,2006-01-05,0.00547723553268042
30,102,"Location 131",2006-01-06,2006-01-07,0.00937028337943957
42,63,"Location 132",2006-01-04,2006-01-06,0.0217591699475229
73,99,"Location 133",2006-01-05,2006-01-07,0.119276098202034
71,73,"Location 134",2006-01-05,2006-01-05,0.056197033245553
59,109,"Location 135",2006-01-01,2006-01-01,0.0435921863820946
52,62,"Location 136",2006-01-01,2006-01-04,0.12066796800525
96,54,"Location 137",2006-01-05,2006-01-07,0.0167017109144278
30,102,"Location 138",2006-01-03,2006-01-06,0.0240145737961939
67,27,"Location 139",2006-01-06,2006-01-07,0.0337110360533188
42,63,"Location 140",2006-01-01,2006-01-03,0.0185773959092078
52,62,"Location 141",2006-01-02,2006-01-06,0.115075824214728
64,73,"Location 142",2006-01-06,2006-01-07,0.0691132444217146
37,97,"Location 143",2006-01-07,2006-01-07,0.0196849686820618
30,102,"Location 144",2006-01-01,2006-01-01,0.0302312688802431
97,105,"Location 145",2006-01-04,2006-01-06,0.127720238500236
109,80,"Location 146",2006-01-06,2006-01-07,0.0148194604131883
64,59,"Location 147",2006-01-01,2006-01-02,0.0563138834669038
109,80,"Location 148",2006-01-07,2006-01-07,0.0111702987434607
26,19,"Location 149",2006-01-01,2006-01-03,0.00872533017856922
109,102,"Location 150",2006-01-02,2006-01-03,0.0555622193587624
69,54,"Location 22",2006-01-05,2006-01-05,0.0513675245201739
118,117,"Location 98",2006-01-06,2006-01-07,0.0138040319433954
74,64,"Location 95",2006-01-07,2006-01-07,0.113159287745172
109,80,"Location 27",2006-01-04,2006-01-07,0.0168584169486508
48,64,"Location 42",2006-01-01,2006-01-02,0.0362145070174809
6,46,"Location 73",2006-01-01,2006-01-05,0.00178802523983871
102,52,"Location 89",2006-01-05,2006-01-07,0.00816790072930315
40,20,"Location 55",2006-01-01,2006-01-06,0.0283779617641737
96,54,"Location 137",2006-01-06,2006-01-07,0.021458842619874
30,102,"Location 138",2006-01-02,2006-01-07,0.0231289379668296
96,54,"Location 137",2006-01-04,2006-01-07,0.0150939864388041
57,121,"Location 112",2006-01-04,2006-01-07,0.0619626214491594
71,12,"Location 77",2006-01-07,2006-01-07,0.0296481181294439
71,73,"Location 26",2006-01-04,2006-01-04,0.0445596820100036
48,88,"Location 14",2006-01-01,2006-01-05,0.0443648196053914
37,70,"Location 36",2006-01-01,2006-01-06,0.0252435632061873
12,13,"Location 61",2006-01-04,2006-01-04,0.00708881352314468
64,59,"Location 78",2006-01-07,2006-01-07,0.135257992800083
118,117,"Location 98",2006-01-02,2006-01-02,0.0292269917281374
30,102,"Location 138",2006-01-07,2006-01-07,0.0128598844260826
58,112,"Location 113",2006-01-07,2006-01-07,0.0263995016969905
30,10,"Location 65",2006-01-05,2006-01-07,0.0167817562915692
38,16,"Location 82",2006-01-05,2006-01-05,0.0143005841929759
38,16,"Location 82",2006-01-06,2006-01-06,0.0126630611513671
2,81,"Location 7",2006-01-06,2006-01-07,0.000925377507681365
35,5,"Location 51",2006-01-04,2006-01-04,0.138177683614534
26,19,"Location 20",2006-01-03,2006-01-05,0.0105088312286246
35,5,"Location 51",2006-01-05,2006-01-07,0.0540956338094626
79,101,"Location 119",2006-01-03,2006-01-06,0.167051091466419
86,108,"Location 85",2006-01-03,2006-01-07,0.118536613687562
56,43,"Location 54",2006-01-06,2006-01-07,0.244721097563646
71,73,"Location 26",2006-01-06,2006-01-07,0.0712555997779418
118,89,"Location 5",2006-01-03,2006-01-06,0.0293086265310549
103,50,"Location 50",2006-01-07,2006-01-07,0.0239603991000574
59,93,"Location 25",2006-01-06,2006-01-07,0.109323628900408
43,37,"Location 92",2006-01-02,2006-01-02,0.0501779637337071
37,97,"Location 143",2006-01-03,2006-01-05,0.0581106421451396
12,13,"Location 61",2006-01-05,2006-01-05,0.00722150506267856
116,16,"Location 47",2006-01-01,2006-01-01,0.000512543933665436
58,112,"Location 113",2006-01-07,2006-01-07,0.0263995016969905
115,60,"Location 76",2006-01-07,2006-01-07,0.0031872996141639
53,73,"Location 83",2006-01-03,2006-01-05,0.0679887536357961
53,73,"Location 110",2006-01-04,2006-01-04,0.0707190873375415
95,102,"Location 24",2006-01-02,2006-01-04,0.118293093995211
89,100,"Location 99",2006-01-01,2006-01-03,0.154950083141456
102,52,"Location 89",2006-01-06,2006-01-07,0.00832763311109375
12,13,"Location 61",2006-01-06,2006-01-07,0.00215531818170689
67,26,"Location 35",2006-01-05,2006-01-07,0.034597472013805
64,73,"Location 142",2006-01-02,2006-01-05,0.0644299822549025
56,62,"Location 56",2006-01-06,2006-01-06,0.237287703688101
30,102,"Location 131",2006-01-07,2006-01-07,0.0128598844260826
111,118,"Location 114",2006-01-04,2006-01-07,0.0421801108056267
35,5,"Location 51",2006-01-07,2006-01-07,0.0993973847774517
37,97,"Location 143",2006-01-02,2006-01-07,0.0462970047326255
67,27,"Location 139",2006-01-07,2006-01-07,0.0354020014583512
61,95,"Location 41",2006-01-03,2006-01-03,0.0663518849487825
109,121,"Location 30",2006-01-02,2006-01-05,0.0568849975005984
112,88,"Location 29",2006-01-02,2006-01-07,0.0553248315955873
108,61,"Location 121",2006-01-01,2006-01-04,0.0066126749518521
2,81,"Location 7",2006-01-05,2006-01-05,0.000656335056081758
54,67,"Location 62",2006-01-04,2006-01-07,0.112273388708672
42,63,"Location 140",2006-01-05,2006-01-07,0.0272635714900894
109,81,"Location 96",2006-01-01,2006-01-01,0.0030247019363235
71,73,"Location 26",2006-01-04,2006-01-07,0.0608169787028601
75,115,"Location 130",2006-01-04,2006-01-07,0.0147725236795774
30,102,"Location 138",2006-01-07,2006-01-07,0.0128598844260826
109,80,"Location 148",2006-01-04,2006-01-07,0.0168584169486508
57,121,"Location 28",2006-01-06,2006-01-06,0.0228084774865541
75,115,"Location 8",2006-01-01,2006-01-01,0.00390895681926888
53,73,"Location 110",2006-01-05,2006-01-07,0.0737087112207114
35,5,"Location 51",2006-01-05,2006-01-07,0.0540956338094626
48,88,"Location 14",2006-01-06,2006-01-07,0.0520550635959201
42,74,"Location 74",2006-01-01,2006-01-01,0.0197429496135252
11,17,"Location 102",2006-01-06,2006-01-07,0.00216783477687462
116,16,"Location 47",2006-01-07,2006-01-07,0.000571333730325918
107,88,"Location 125",2006-01-03,2006-01-06,0.0553592713382992
64,111,"Location 67",2006-01-01,2006-01-01,0.0311339086351836
109,102,"Location 150",2006-01-03,2006-01-05,0.0930896945748019
54,113,"Location 63",2006-01-02,2006-01-06,0.0185540457778188
59,93,"Location 25",2006-01-04,2006-01-06,0.0672685704204115
54,67,"Location 62",2006-01-07,2006-01-07,0.116539647327348
40,20,"Location 55",2006-01-03,2006-01-06,0.0385209421646474
57,27,"Location 40",2006-01-02,2006-01-03,0.0286760018089656
2,81,"Location 7",2006-01-07,2006-01-07,0.0016023873670908
58,112,"Location 15",2006-01-03,2006-01-06,0.0981728189231035
87,117,"Location 71",2006-01-04,2006-01-07,0.0649964545308042
31,111,"Location 21",2006-01-03,2006-01-06,0.0285532188968318
62,102,"Location 52",2006-01-03,2006-01-03,0.0505436519233626
52,62,"Location 141",2006-01-06,2006-01-07,0.146249917520436
87,114,"Location 53",2006-01-06,2006-01-07,0.0995808059845634
43,37,"Location 92",2006-01-01,2006-01-03,0.0688255754097453
73,99,"Location 124",2006-01-02,2006-01-06,0.0529910199475125
28,47,"Location 23",2006-01-04,2006-01-06,0.0260557423435633
54,67,"Location 62",2006-01-05,2006-01-07,0.109557713307772
109,80,"Location 27",2006-01-06,2006-01-07,0.0148194604131883
58,65,"Location 129",2006-01-01,2006-01-03,0.0550429154123498
95,102,"Location 24",2006-01-07,2006-01-07,0.0117282543214969
73,99,"Location 133",2006-01-01,2006-01-01,0.0192323938629594
64,59,"Location 78",2006-01-07,2006-01-07,0.135257992800083
37,97,"Location 90",2006-01-02,2006-01-06,0.0516194119427382
43,37,"Location 92",2006-01-03,2006-01-07,0.16203646653139
102,52,"Location 89",2006-01-01,2006-01-04,0.00603587282318093
56,62,"Location 56",2006-01-03,2006-01-07,0.170525330546904
107,88,"Location 125",2006-01-03,2006-01-07,0.0449667024345975
86,108,"Location 85",2006-01-07,2006-01-07,0.171808083299159
107,88,"Location 125",2006-01-02,2006-01-04,0.0941344005190735
51,27,"Location 91",2006-01-06,2006-01-07,0.0988697568118369
112,65,"Location 13",2006-01-02,2006-01-04,0.0221782469793652
42,74,"Location 74",2006-01-03,2006-01-03,0.0594847156207834
30,10,"Location 65",2006-01-02,2006-01-07,0.0216621482817598
2,81,"Location 7",2006-01-01,2006-01-04,0.000359657982043395
67,109,"Location 109",2006-01-06,2006-01-06,0.0426026639767466
109,80,"Location 101",2006-01-01,2006-01-06,0.0162771681336456
40,20,"Location 55",2006-01-07,2006-01-07,0.0696727288413967
57,121,"Location 107",2006-01-05,2006-01-07,0.0435982820161169
92,57,"Location 4",2006-01-04,2006-01-06,0.0433925163684358
59,109,"Location 111",2006-01-01,2006-01-06,0.0738444401449101
58,84,"Location 45",2006-01-06,2006-01-07,0.0642082252966247
38,16,"Location 120",2006-01-04,2006-01-07,0.0140455269364755
103,50,"Location 50",2006-01-04,2006-01-07,0.029897483685204
67,27,"Location 139",2006-01-03,2006-01-07,0.0333918675124778
12,13,"Location 61",2006-01-07,2006-01-07,0.00173810330039714
118,117,"Location 98",2006-01-01,2006-01-05,0.0265717234635717
96,54,"Location 66",2006-01-02,2006-01-06,0.00703050454925839
38,16,"Location 82",2006-01-05,2006-01-07,0.0167196356149664
26,19,"Location 20",2006-01-02,2006-01-07,0.0089047683068265
39,14,"Location 43",2006-01-01,2006-01-05,0.00728751724707877
11,17,"Location 102",2006-01-05,2006-01-07,0.00529747158218975
116,16,"Location 47",2006-01-05,2006-01-05,0.00010198924445722
67,109,"Location 109",2006-01-01,2006-01-06,0.0399084133972691
9,14,"Location 58",2006-01-05,2006-01-07,0.00368643561425112
87,114,"Location 53",2006-01-06,2006-01-07,0.0995808059845634
118,89,"Location 5",2006-01-07,2006-01-07,0.000240911978958517
85,116,"Location 31",2006-01-07,2006-01-07,0.0953314377814725
67,27,"Location 60",2006-01-06,2006-01-06,0.0320200706482865
30,102,"Location 80",2006-01-05,2006-01-06,0.0118610502302848
79,101,"Location 119",2006-01-02,2006-01-03,0.0932915998722213
109,80,"Location 27",2006-01-02,2006-01-04,0.0178613207677043
30,102,"Location 144",2006-01-03,2006-01-07,0.0217836359221716
67,27,"Location 139",2006-01-02,2006-01-02,0.0136651735166045
85,116,"Location 31",2006-01-03,2006-01-07,0.0518641533441648
48,88,"Location 14",2006-01-01,2006-01-04,0.0479002483798988
54,113,"Location 63",2006-01-06,2006-01-07,0.016515224236476
64,59,"Location 78",2006-01-06,2006-01-06,0.121299757059508
102,66,"Location 93",2006-01-03,2006-01-07,0.112703441209305
85,116,"Location 31",2006-01-04,2006-01-05,0.0360209961248377
103,50,"Location 50",2006-01-05,2006-01-07,0.032000389486105
95,70,"Location 123",2006-01-02,2006-01-03,0.0417578051899644
58,112,"Location 113",2006-01-06,2006-01-07,0.0387239662510789
45,82,"Location 49",2006-01-06,2006-01-07,0.039647447816075
31,111,"Location 21",2006-01-01,2006-01-06,0.0311732980643834
39,67,"Location 16",2006-01-02,2006-01-04,0.0105096757777466
39,14,"Location 43",2006-01-02,2006-01-05,0.00834313765807337
89,56,"Location 39",2006-01-01,2006-01-05,0.0433263868814038
114,67,"Location 46",2006-01-02,2006-01-07,0.0189497317882746
52,62,"Location 141",2006-01-02,2006-01-04,0.120355288446363
38,16,"Location 120",2006-01-04,2006-01-06,0.0109956154151152
74,64,"Location 95",2006-01-02,2006-01-05,0.0802774066338922
87,117,"Location 103",2006-01-01,2006-01-06,0.0433022773841508
30,10,"Location 65",2006-01-02,2006-01-04,0.0265425402719504
79,101,"Location 64",2006-01-01,2006-01-04,0.112310281783342
59,93,"Location 25",2006-01-04,2006-01-07,0.0768310362104785
39,14,"Location 43",2006-01-01,2006-01-05,0.00728751724707877
79,101,"Location 64",2006-01-04,2006-01-04,0.209205060855311
71,12,"Location 77",2006-01-07,2006-01-07,0.0296481181294439
58,65,"Location 84",2006-01-06,2006-01-07,0.108199815448036
62,102,"Location 52",2006-01-01,2006-01-01,0.0654056317538713
56,43,"Location 54",2006-01-05,2006-01-07,0.200072462373808
64,73,"Location 142",2006-01-05,2006-01-07,0.0566181016792042
58,112,"Location 15",2006-01-05,2006-01-06,0.0832423939982618
71,73,"Location 26",2006-01-06,2006-01-06,0.0638503618877924
75,115,"Location 8",2006-01-06,2006-01-07,0.0240678118264744
109,81,"Location 96",2006-01-03,2006-01-03,0.0208252761998059
108,61,"Location 121",2006-01-04,2006-01-07,0.0124355229284371
99,98,"Location 1",2006-01-06,2006-01-07,0.0719934212393506
108,61,"Location 18",2006-01-04,2006-01-05,0.0118789557935391
102,52,"Location 89",2006-01-05,2006-01-07,0.00816790072930315
97,51,"Location 81",2006-01-06,2006-01-07,0.015006218632152
58,112,"Location 113",2006-01-04,2006-01-07,0.0810285629692468
2,81,"Location 7",2006-01-05,2006-01-05,0.000656335056081758
115,60,"Location 76",2006-01-04,2006-01-05,0.00424368283920747
74,64,"Location 95",2006-01-05,2006-01-07,0.0865096819021953
64,111,"Location 67",2006-01-06,2006-01-07,0.0123586519009677
67,109,"Location 109",2006-01-01,2006-01-05,0.0393695632813736
109,80,"Location 27",2006-01-05,2006-01-07,0.0177769355281675
45,82,"Location 49",2006-01-06,2006-01-07,0.039647447816075
68,23,"Location 19",2006-01-04,2006-01-04,0.027489649975602
2,81,"Location 7",2006-01-01,2006-01-04,0.000359657982043395
109,80,"Location 27",2006-01-07,2006-01-07,0.0111702987434607
71,73,"Location 134",2006-01-03,2006-01-05,0.0505078210658717
116,16,"Location 47",2006-01-01,2006-01-06,0.000155655276186846
67,26,"Location 35",2006-01-04,2006-01-07,0.0371556593326735
109,80,"Location 27",2006-01-06,2006-01-07,0.0148194604131883
40,20,"Location 55",2006-01-07,2006-01-07,0.0696727288413967
48,64,"Location 42",2006-01-01,2006-01-02,0.0362145070174809
58,84,"Location 45",2006-01-03,2006-01-07,0.0343595571033954
71,73,"Location 134",2006-01-02,2006-01-04,0.0512308491427878
111,118,"Location 11",2006-01-03,2006-01-05,0.050772396245217
86,108,"Location 116",2006-01-02,2006-01-05,0.0826879694765618
96,54,"Location 66",2006-01-03,2006-01-03,0.00629849060373999
48,64,"Location 42",2006-01-02,2006-01-06,0.0937218696890341
71,73,"Location 104",2006-01-03,2006-01-07,0.0588069325506998
30,10,"Location 65",2006-01-02,2006-01-04,0.0265425402719504
64,111,"Location 67",2006-01-02,2006-01-02,0.0112486117131994
27,121,"Location 32",2006-01-05,2006-01-06,0.00359816408964283
109,121,"Location 30",2006-01-01,2006-01-03,0.045021319178002
109,80,"Location 146",2006-01-05,2006-01-06,0.0210802539205209
26,19,"Location 20",2006-01-06,2006-01-06,0.00567176337066636
86,108,"Location 85",2006-01-05,2006-01-06,0.134620873571597
42,63,"Location 140",2006-01-03,2006-01-05,0.0248155136041027
111,118,"Location 11",2006-01-03,2006-01-06,0.0433048973983811
2,81,"Location 7",2006-01-06,2006-01-07,0.000925377507681365
51,27,"Location 91",2006-01-05,2006-01-07,0.0998477098114058
86,108,"Location 116",2006-01-03,2006-01-03,0.0688224517944036
92,57,"Location 4",2006-01-06,2006-01-07,0.089048639589843
109,121,"Location 30",2006-01-03,2006-01-06,0.042747903367039
87,117,"Location 103",2006-01-03,2006-01-04,0.0322002047899635
6,46,"Location 73",2006-01-07,2006-01-07,0.000183416885383518
12,13,"Location 61",2006-01-02,2006-01-05,0.00624426823729133
52,62,"Location 141",2006-01-01,2006-01-03,0.120987470691287
99,111,"Location 34",2006-01-05,2006-01-07,0.0987065389179204
39,67,"Location 126",2006-01-03,2006-01-07,0.0190035603594652
64,59,"Location 147",2006-01-06,2006-01-07,0.128278874929795
2,81,"Location 7",2006-01-04,2006-01-07,0.000770584932504685
89,100,"Location 99",2006-01-04,2006-01-07,0.469767862947871
37,105,"Location 68",2006-01-02,2006-01-02,0.0462784930874705
43,37,"Location 92",2006-01-02,2006-01-05,0.10943788225859
39,67,"Location 127",2006-01-02,2006-01-06,0.0147747508850197
112,88,"Location 29",2006-01-07,2006-01-07,0.00237996506295228
39,67,"Location 126",2006-01-06,2006-01-06,0.0180248927676985
51,27,"Location 91",2006-01-03,2006-01-04,0.0869077026379728
64,73,"Location 142",2006-01-01,2006-01-01,0.0556422167363735
48,64,"Location 42",2006-01-04,2006-01-07,0.0922373404203351
39,14,"Location 43",2006-01-04,2006-01-04,0.00574813564450475
52,62,"Location 136",2006-01-04,2006-01-05,0.112525221766191
54,113,"Location 63",2006-01-04,2006-01-04,0.0174243438853712
59,109,"Location 9",2006-01-02,2006-01-02,0.0552203883141071
37,105,"Location 68",2006-01-01,2006-01-01,0.0518133598461645
67,109,"Location 109",2006-01-05,2006-01-06,0.0416946177968687
109,80,"Location 27",2006-01-06,2006-01-07,0.0148194604131883
87,114,"Location 53",2006-01-03,2006-01-05,0.0358325983648279
104,98,"Location 105",2006-01-04,2006-01-04,0.156467993898938
42,116,"Location 122",2006-01-06,2006-01-07,0.0118899281721004
42,74,"Location 74",2006-01-05,2006-01-06,0.0723261825517814
2,81,"Location 7",2006-01-06,2006-01-07,0.000925377507681365
43,37,"Location 92",2006-01-05,2006-01-07,0.199560804415139
54,67,"Location 62",2006-01-03,2006-01-07,0.112395406389017
43,37,"Location 92",2006-01-02,2006-01-02,0.0501779637337071
64,120,"Location 75",2006-01-01,2006-01-05,0.00154010114054396
102,66,"Location 93",2006-01-02,2006-01-05,0.0961040461409842
30,108,"Location 12",2006-01-07,2006-01-07,0.0114950619500102
11,17,"Location 102",2006-01-03,2006-01-03,0.0056424718385036
103,50,"Location 50",2006-01-04,2006-01-07,0.029897483685204
109,102,"Location 2",2006-01-07,2006-01-07,0.00245175088646003
109,80,"Location 101",2006-01-03,2006-01-04,0.018309223667264
38,16,"Location 120",2006-01-04,2006-01-04,0.00602320090100269
30,10,"Location 65",2006-01-01,2006-01-03,0.0231599690931401
71,73,"Location 134",2006-01-07,2006-01-07,0.0786608376680912
30,108,"Location 106",2006-01-01,2006-01-06,0.0140888784261822
64,59,"Location 147",2006-01-07,2006-01-07,0.135257992800083
59,109,"Location 111",2006-01-06,2006-01-07,0.0287585716781299
39,14,"Location 43",2006-01-03,2006-01-07,0.0102758493738975
27,121,"Location 32",2006-01-05,2006-01-05,0.00272852868950698
75,115,"Location 8",2006-01-06,2006-01-07,0.0240678118264744
97,105,"Location 70",2006-01-07,2006-01-07,0.0144010088168519
64,59,"Location 78",2006-01-02,2006-01-05,0.055302260361619
102,52,"Location 89",2006-01-05,2006-01-05,0.00784843596572197
108,61,"Location 18",2006-01-06,2006-01-07,0.0129920900633351
31,111,"Location 21",2006-01-03,2006-01-07,0.0315371702981793
56,43,"Location 54",2006-01-02,2006-01-07,0.171703569271307
97,51,"Location 81",2006-01-02,2006-01-06,0.0114132825274282
62,102,"Location 52",2006-01-04,2006-01-07,0.0945459329765678
97,105,"Location 145",2006-01-03,2006-01-04,0.123305342034049
86,108,"Location 116",2006-01-04,2006-01-04,0.0828107862010559
111,118,"Location 114",2006-01-01,2006-01-02,0.0408327666671463
107,88,"Location 125",2006-01-05,2006-01-06,0.0477637213407434
58,84,"Location 45",2006-01-01,2006-01-06,0.0262946492301334
109,81,"Location 96",2006-01-04,2006-01-07,0.0164807405269585
73,99,"Location 124",2006-01-06,2006-01-07,0.150768415475492
109,81,"Location 96",2006-01-04,2006-01-05,0.0195004526612289
37,97,"Location 143",2006-01-02,2006-01-03,0.045745583728755
109,102,"Location 150",2006-01-06,2006-01-07,0.0379325974773081
42,63,"Location 140",2006-01-05,2006-01-06,0.0269740392487468
109,81,"Location 96",2006-01-03,2006-01-04,0.0183094764736325
37,105,"Location 68",2006-01-01,2006-01-04,0.0520150126265643
26,19,"Location 20",2006-01-06,2006-01-07,0.00510503513832343
118,89,"Location 5",2006-01-06,2006-01-06,0.00142461344410094
109,80,"Location 101",2006-01-04,2006-01-07,0.0168584169486508
89,100,"Location 99",2006-01-06,2006-01-07,0.507919683817211
12,13,"Location 61",2006-01-01,2006-01-01,0.000788659664537524
30,102,"Location 131",2006-01-07,2006-01-07,0.0128598844260826
112,88,"Location 29",2006-01-04,2006-01-07,0.0259284717453549
64,73,"Location 10",2006-01-07,2006-01-07,0.0779802859748694
71,73,"Location 134",2006-01-07,2006-01-07,0.0786608376680912
96,54,"Location 66",2006-01-02,2006-01-06,0.00703050454925839
39,67,"Location 16",2006-01-02,2006-01-06,0.0147747508850197
89,100,"Location 99",2006-01-06,2006-01-07,0.507919683817211
11,17,"Location 6",2006-01-07,2006-01-07,0.0020124652640637
58,112,"Location 113",2006-01-04,2006-01-07,0.0810285629692468
99,98,"Location 1",2006-01-07,2006-01-07,0.00577568764015268
36,26,"Location 86",2006-01-01,2006-01-05,0.0166772589797877
109,81,"Location 96",2006-01-02,2006-01-02,0.0236225070390598
58,112,"Location 15",2006-01-07,2006-01-07,0.0263995016969905
71,73,"Location 134",2006-01-03,2006-01-07,0.0588069325506998
30,102,"Location 144",2006-01-01,2006-01-06,0.0260241687091896
108,61,"Location 18",2006-01-04,2006-01-06,0.0117914767593498
97,105,"Location 145",2006-01-06,2006-01-06,0.105135481135221
56,43,"Location 54",2006-01-05,2006-01-05,0.110775191994132
26,19,"Location 20",2006-01-02,2006-01-02,0.0116920458784383
58,112,"Location 113",2006-01-01,2006-01-06,0.0842150408557372
71,12,"Location 77",2006-01-01,2006-01-05,0.00488142451337363
64,59,"Location 147",2006-01-01,2006-01-01,0.0680275858826462
57,121,"Location 107",2006-01-02,2006-01-05,0.106257626792209
56,62,"Location 56",2006-01-02,2006-01-03,0.131904753970957
37,97,"Location 143",2006-01-06,2006-01-07,0.0260125452390033
26,19,"Location 20",2006-01-03,2006-01-06,0.00929956426413507
89,56,"Location 39",2006-01-04,2006-01-07,0.0808474513291912
30,102,"Location 144",2006-01-04,2006-01-06,0.0221737417657803
52,62,"Location 136",2006-01-07,2006-01-07,0.183527562891565
96,54,"Location 66",2006-01-01,2006-01-01,0.000892990838381273
59,109,"Location 135",2006-01-01,2006-01-04,0.0735626156860292
39,14,"Location 43",2006-01-02,2006-01-02,0.00664267493751443
59,109,"Location 135",2006-01-02,2006-01-04,0.0835527587873407
99,111,"Location 34",2006-01-07,2006-01-07,0.0788035605789143
114,67,"Location 46",2006-01-01,2006-01-04,0.014441833040039
45,82,"Location 108",2006-01-03,2006-01-07,0.0351653454458756
87,117,"Location 103",2006-01-06,2006-01-07,0.0961204425493634
45,82,"Location 49",2006-01-06,2006-01-07,0.039647447816075
52,62,"Location 136",2006-01-01,2006-01-03,0.120987470691287
109,80,"Location 148",2006-01-07,2006-01-07,0.0111702987434607
45,82,"Location 49",2006-01-01,2006-01-04,0.0338176865485688
102,52,"Location 89",2006-01-06,2006-01-06,0.0061126872121046
30,108,"Location 106",2006-01-04,2006-01-07,0.0106799919201706
42,63,"Location 88",2006-01-02,2006-01-02,0.0189716666388525
104,98,"Location 128",2006-01-03,2006-01-03,0.0942001735590263
109,80,"Location 27",2006-01-01,2006-01-04,0.013875625240208
64,59,"Location 147",2006-01-06,2006-01-07,0.128278874929795
26,19,"Location 20",2006-01-07,2006-01-07,0.00453830690598049
64,59,"Location 147",2006-01-01,2006-01-04,0.0577682424349746
64,73,"Location 142",2006-01-06,2006-01-07,0.0691132444217146
70,118,"Location 87",2006-01-03,2006-01-07,0.00391375146477912
89,56,"Location 39",2006-01-02,2006-01-03,0.0407177592668025
64,111,"Location 67",2006-01-06,2006-01-07,0.0123586519009677
30,10,"Location 65",2006-01-04,2006-01-06,0.0162219806377885
116,16,"Location 47",2006-01-04,2006-01-07,0.000197094093268291
45,82,"Location 108",2006-01-06,2006-01-07,0.039647447816075
58,112,"Location 15",2006-01-04,2006-01-05,0.123333159687415
54,113,"Location 63",2006-01-07,2006-01-07,0.0214937775050809
86,108,"Location 116",2006-01-02,2006-01-06,0.0977377839565937
73,99,"Location 115",2006-01-04,2006-01-07,0.102867800023887
95,70,"Location 123",2006-01-05,2006-01-07,0.175914397206927
71,73,"Location 104",2006-01-06,2006-01-07,0.0712555997779418
95,70,"Location 123",2006-01-02,2006-01-03,0.0417578051899644
57,27,"Location 40",2006-01-04,2006-01-06,0.124491752005598
58,112,"Location 113",2006-01-02,2006-01-05,0.1010631377009
38,16,"Location 120",2006-01-06,2006-01-07,0.0179291613259617
68,23,"Location 19",2006-01-02,2006-01-05,0.0168324480226782
108,61,"Location 18",2006-01-03,2006-01-05,0.00902733169520313
52,62,"Location 136",2006-01-07,2006-01-07,0.183527562891565
89,56,"Location 39",2006-01-06,2006-01-07,0.103878081896861
37,70,"Location 36",2006-01-04,2006-01-07,0.0433424745078052
39,14,"Location 43",2006-01-05,2006-01-07,0.0121345487637351
102,66,"Location 93",2006-01-05,2006-01-07,0.119261641076365
116,16,"Location 47",2006-01-01,2006-01-03,0.000238963004791278
103,50,"Location 50",2006-01-04,2006-01-06,0.0318765118802528
35,5,"Location 51",2006-01-05,2006-01-07,0.0540956338094626
71,73,"Location 104",2006-01-03,2006-01-04,0.0476632149760311
104,98,"Location 105",2006-01-01,2006-01-02,0.0430431423742069
85,116,"Location 31",2006-01-06,2006-01-07,0.0717659180888101
73,99,"Location 133",2006-01-06,2006-01-07,0.150768415475492
39,67,"Location 126",2006-01-07,2006-01-07,0.0281974132576579
73,99,"Location 38",2006-01-01,2006-01-04,0.0353943350278977
96,54,"Location 137",2006-01-03,2006-01-04,0.00828465180783648
30,10,"Location 65",2006-01-06,2006-01-07,0.0144318218768073
116,16,"Location 47",2006-01-04,2006-01-04,5.43678773852937e-05
74,64,"Location 95",2006-01-04,2006-01-06,0.0776105647572775
79,101,"Location 119",2006-01-02,2006-01-04,0.131929420199918
39,67,"Location 127",2006-01-02,2006-01-06,0.0147747508850197
57,121,"Location 112",2006-01-01,2006-01-02,0.139474301837102
64,73,"Location 142",2006-01-03,2006-01-07,0.0609857668981325
85,116,"Location 31",2006-01-05,2006-01-07,0.0614893490364921
42,63,"Location 88",2006-01-01,2006-01-04,0.0167654047681746
71,73,"Location 26",2006-01-02,2006-01-07,0.0587334633716334
115,60,"Location 76",2006-01-04,2006-01-05,0.00424368283920747
8,26,"Location 57",2006-01-03,2006-01-05,0.00508768399735497
89,100,"Location 99",2006-01-03,2006-01-06,0.453266815232685
59,93,"Location 25",2006-01-04,2006-01-06,0.0672685704204115
62,102,"Location 52",2006-01-02,2006-01-07,0.080625131204215
108,61,"Location 121",2006-01-03,2006-01-07,0.0106132350424559
109,102,"Location 150",2006-01-05,2006-01-06,0.0805561332472375
74,64,"Location 95",2006-01-04,2006-01-07,0.0864977455042511
26,19,"Location 149",2006-01-06,2006-01-07,0.00510503513832343
42,116,"Location 69",2006-01-03,2006-01-07,0.0102166212845608
97,105,"Location 145",2006-01-05,2006-01-07,0.0860540669375748
109,121,"Location 30",2006-01-01,2006-01-01,0.0158159942979334
54,67,"Location 62",2006-01-05,2006-01-07,0.109557713307772
57,27,"Location 40",2006-01-05,2006-01-07,0.123881888814342
40,20,"Location 55",2006-01-01,2006-01-06,0.0283779617641737
45,82,"Location 49",2006-01-01,2006-01-04,0.0338176865485688
38,16,"Location 82",2006-01-02,2006-01-02,0.00466910503386468
97,105,"Location 70",2006-01-06,2006-01-07,0.0597682449760365
26,19,"Location 20",2006-01-03,2006-01-07,0.00834731279250415
73,99,"Location 133",2006-01-04,2006-01-05,0.0549671845722817
104,98,"Location 105",2006-01-07,2006-01-07,0.00340912645431975
95,102,"Location 24",2006-01-02,2006-01-07,0.113203943631864
114,67,"Location 46",2006-01-03,2006-01-04,0.0151765618928342
95,70,"Location 94",2006-01-05,2006-01-07,0.175914397206927
11,49,"Location 44",2006-01-05,2006-01-07,0.00471922539920418
38,16,"Location 120",2006-01-05,2006-01-07,0.0167196356149664
108,61,"Location 18",2006-01-01,2006-01-06,0.00844667334216127
26,19,"Location 20",2006-01-02,2006-01-06,0.00977806058699571
54,113,"Location 63",2006-01-04,2006-01-04,0.0174243438853712
8,26,"Location 57",2006-01-06,2006-01-06,0.00191619616411269
30,102,"Location 131",2006-01-07,2006-01-07,0.0128598844260826
99,111,"Location 34",2006-01-05,2006-01-07,0.0987065389179204
111,118,"Location 114",2006-01-05,2006-01-07,0.0354682593852987
37,70,"Location 36",2006-01-07,2006-01-07,0.0540067455100749
64,59,"Location 78",2006-01-05,2006-01-07,0.104907135816272
116,16,"Location 47",2006-01-02,2006-01-06,8.42775446911285e-05
73,99,"Location 115",2006-01-07,2006-01-07,0.215218141117172
97,105,"Location 145",2006-01-03,2006-01-07,0.100954576976164
30,108,"Location 106",2006-01-04,2006-01-07,0.0106799919201706
43,37,"Location 92",2006-01-04,2006-01-07,0.182292023822583
6,46,"Location 73",2006-01-05,2006-01-07,0.000957676534272009
85,116,"Location 31",2006-01-05,2006-01-07,0.0614893490364921
42,116,"Location 118",2006-01-01,2006-01-06,0.0113587523418662
57,27,"Location 40",2006-01-07,2006-01-07,0.113979728970056
95,102,"Location 24",2006-01-02,2006-01-06,0.133499081493937
111,118,"Location 11",2006-01-03,2006-01-06,0.0433048973983811
52,62,"Location 136",2006-01-07,2006-01-07,0.183527562891565
64,73,"Location 10",2006-01-02,2006-01-02,0.091017583372377
42,63,"Location 88",2006-01-07,2006-01-07,0.0278426359727746
97,51,"Location 81",2006-01-01,2006-01-02,0.00426688723272524
116,16,"Location 47",2006-01-07,2006-01-07,0.000571333730325918
67,27,"Location 139",2006-01-07,2006-01-07,0.0354020014583512
108,61,"Location 18",2006-01-06,2006-01-06,0.0116165186909711
103,50,"Location 50",2006-01-04,2006-01-06,0.0318765118802528
3,23,"Location 3",2006-01-06,2006-01-06,0.00403830367975052
43,37,"Location 92",2006-01-03,2006-01-07,0.16203646653139
67,109,"Location 100",2006-01-05,2006-01-07,0.043103727825332
59,109,"Location 111",2006-01-01,2006-01-06,0.0738444401449101
73,99,"Location 124",2006-01-03,2006-01-06,0.0582837829104695
51,27,"Location 91",2006-01-04,2006-01-07,0.094393414774648
109,121,"Location 30",2006-01-05,2006-01-06,0.0375237904914153
2,81,"Location 7",2006-01-07,2006-01-07,0.0016023873670908
40,20,"Location 55",2006-01-02,2006-01-03,0.0140850543696539
114,67,"Location 46",2006-01-04,2006-01-07,0.0200404734111241
71,73,"Location 134",2006-01-05,2006-01-07,0.0662360776004789
111,118,"Location 114",2006-01-05,2006-01-06,0.026576056105417
85,116,"Location 31",2006-01-03,2006-01-07,0.0518641533441648
37,97,"Location 90",2006-01-02,2006-01-03,0.045745583728755
58,84,"Location 45",2006-01-01,2006-01-03,0.0156875137212372
73,99,"Location 124",2006-01-07,2006-01-07,0.215218141117172
59,93,"Location 25",2006-01-04,2006-01-07,0.0768310362104785
42,116,"Location 69",2006-01-04,2006-01-05,0.00682260855455752
61,95,"Location 41",2006-01-03,2006-01-05,0.0758748955062869
4,9,"Location 48",2006-01-01,2006-01-06,0.00222553138939929
27,121,"Location 32",2006-01-02,2006-01-05,0.00306089298618417
54,67,"Location 62",2006-01-05,2006-01-07,0.109557713307772
57,121,"Location 112",2006-01-02,2006-01-06,0.0895677969310782
89,100,"Location 99",2006-01-01,2006-01-04,0.196692590577641
26,19,"Location 149",2006-01-05,2006-01-07,0.00598719536684358
104,98,"Location 17",2006-01-01,2006-01-01,0.0213196690973897
92,57,"Location 4",2006-01-04,2006-01-04,0.0481331092790545
42,116,"Location 69",2006-01-06,2006-01-07,0.0118899281721004
43,37,"Location 92",2006-01-02,2006-01-07,0.143393382731776
108,61,"Location 121",2006-01-05,2006-01-07,0.0128656672270861
104,98,"Location 17",2006-01-05,2006-01-07,0.0590646440849064
79,101,"Location 119",2006-01-03,2006-01-04,0.15777673949439
52,62,"Location 136",2006-01-02,2006-01-04,0.120355288446363
11,49,"Location 44",2006-01-04,2006-01-06,0.0052528110793383
74,64,"Location 95",2006-01-06,2006-01-07,0.103604037576588
42,116,"Location 118",2006-01-05,2006-01-07,0.00962091762662314
75,115,"Location 8",2006-01-07,2006-01-07,0.0278746418871378
71,12,"Location 77",2006-01-07,2006-01-07,0.0296481181294439
109,102,"Location 150",2006-01-02,2006-01-06,0.0803944083396383
68,23,"Location 19",2006-01-01,2006-01-01,0.000447463493813416
42,116,"Location 118",2006-01-04,2006-01-05,0.00682260855455752
64,111,"Location 67",2006-01-03,2006-01-07,0.0123792691283597
58,112,"Location 113",2006-01-02,2006-01-02,0.0626097059163537
104,98,"Location 17",2006-01-05,2006-01-05,0.0992478132199418
64,59,"Location 78",2006-01-07,2006-01-07,0.135257992800083
58,112,"Location 15",2006-01-02,2006-01-07,0.080283413884293
118,117,"Location 98",2006-01-03,2006-01-07,0.0249477613680166
87,114,"Location 53",2006-01-04,2006-01-06,0.0454058313405565
64,73,"Location 142",2006-01-05,2006-01-06,0.0459370095313716
58,65,"Location 84",2006-01-06,2006-01-07,0.108199815448036
109,81,"Location 96",2006-01-06,2006-01-07,0.013461028392688
109,80,"Location 101",2006-01-03,2006-01-07,0.0179898507838061
61,95,"Location 41",2006-01-06,2006-01-07,0.104480699595418
87,114,"Location 53",2006-01-07,2006-01-07,0.137764198825607
67,27,"Location 139",2006-01-05,2006-01-07,0.0353024713351462
64,59,"Location 147",2006-01-03,2006-01-07,0.0866333220509811
118,89,"Location 5",2006-01-02,2006-01-04,0.0600337651199823
102,52,"Location 89",2006-01-02,2006-01-05,0.00749540196191371
12,13,"Location 61",2006-01-01,2006-01-03,0.00381847134262653
87,117,"Location 103",2006-01-02,2006-01-04,0.0324471790362521
9,12,"Location 97",2006-01-04,2006-01-06,0.00398162069517285
97,51,"Location 81",2006-01-03,2006-01-07,0.013726773882657
92,57,"Location 4",2006-01-03,2006-01-07,0.0594210535988774
58,65,"Location 129",2006-01-04,2006-01-07,0.107705564137935
42,63,"Location 132",2006-01-06,2006-01-07,0.0267353621363024
64,111,"Location 67",2006-01-07,2006-01-07,0.0155478158679519
109,80,"Location 148",2006-01-07,2006-01-07,0.0111702987434607
74,64,"Location 95",2006-01-05,2006-01-05,0.05232097055341
71,73,"Location 104",2006-01-04,2006-01-05,0.0503783576277783
95,70,"Location 94",2006-01-01,2006-01-03,0.0341105801674581
109,80,"Location 27",2006-01-06,2006-01-07,0.0148194604131883
42,116,"Location 118",2006-01-05,2006-01-07,0.00962091762662314
79,101,"Location 119",2006-01-02,2006-01-02,0.0802347816109735
62,102,"Location 52",2006-01-07,2006-01-07,0.105302583203108
37,97,"Location 143",2006-01-03,2006-01-05,0.0581106421451396
9,12,"Location 97",2006-01-05,2006-01-05,0.0046701513459387
57,121,"Location 28",2006-01-03,2006-01-03,0.118143867287775
111,118,"Location 11",2006-01-04,2006-01-07,0.0421801108056267
6,46,"Location 73",2006-01-02,2006-01-04,0.00230150421584893
3,23,"Location 3",2006-01-01,2006-01-04,0.00258025700257403
97,105,"Location 70",2006-01-04,2006-01-07,0.0993904310793899
100,85,"Location 72",2006-01-02,2006-01-05,0.0941321584946309
64,73,"Location 142",2006-01-05,2006-01-07,0.0566181016792042
89,56,"Location 39",2006-01-05,2006-01-07,0.0892850311831555
109,80,"Location 101",2006-01-03,2006-01-03,0.0225155861244275
96,54,"Location 137",2006-01-03,2006-01-06,0.008171201910064
42,63,"Location 132",2006-01-06,2006-01-07,0.0267353621363024
3,23,"Location 3",2006-01-04,2006-01-04,0.00438551226504084
109,80,"Location 101",2006-01-06,2006-01-07,0.0148194604131883
39,14,"Location 43",2006-01-01,2006-01-01,0.00306503560310034
26,19,"Location 149",2006-01-07,2006-01-07,0.00453830690598049
2,81,"Location 7",2006-01-06,2006-01-07,0.000925377507681365
59,109,"Location 135",2006-01-05,2006-01-07,0.0575031762461246
99,111,"Location 34",2006-01-06,2006-01-07,0.0954528052261594
51,27,"Location 91",2006-01-01,2006-01-06,0.0647227104622061
12,13,"Location 61",2006-01-02,2006-01-06,0.00550992120243639
30,108,"Location 12",2006-01-04,2006-01-07,0.0106799919201706
64,120,"Location 75",2006-01-05,2006-01-07,0.00179384804965821
30,102,"Location 144",2006-01-05,2006-01-05,0.0178414181277731
45,82,"Location 108",2006-01-01,2006-01-03,0.0342088090358554
39,67,"Location 127",2006-01-07,2006-01-07,0.0281974132576579
37,97,"Location 90",2006-01-05,2006-01-06,0.0487052897331826
39,32,"Location 59",2006-01-05,2006-01-07,0.102834072928696
67,109,"Location 109",2006-01-05,2006-01-06,0.0416946177968687
73,99,"Location 124",2006-01-03,2006-01-06,0.0582837829104695
97,51,"Location 81",2006-01-06,2006-01-07,0.015006218632152
85,116,"Location 31",2006-01-07,2006-01-07,0.0953314377814725
8,26,"Location 57",2006-01-02,2006-01-02,0.00211333612772554
39,67,"Location 16",2006-01-04,2006-01-05,0.0217943239704255
30,102,"Location 131",2006-01-05,2006-01-07,0.0121939949622174
57,121,"Location 107",2006-01-06,2006-01-06,0.0228084774865541
59,93,"Location 25",2006-01-05,2006-01-07,0.0951908311890293
89,100,"Location 99",2006-01-06,2006-01-07,0.507919683817211
97,51,"Location 81",2006-01-03,2006-01-03,0.0242003130874006
9,14,"Location 117",2006-01-02,2006-01-06,0.00414934547781816
97,105,"Location 70",2006-01-06,2006-01-07,0.0597682449760365
67,27,"Location 139",2006-01-06,2006-01-07,0.0337110360533188
107,88,"Location 125",2006-01-07,2006-01-07,0.00339642681979058
2,81,"Location 7",2006-01-05,2006-01-05,0.000656335056081758
109,80,"Location 27",2006-01-06,2006-01-07,0.0148194604131883
37,105,"Location 68",2006-01-07,2006-01-07,0.0373730332891379
64,120,"Location 75",2006-01-06,2006-01-07,0.00186445381800127
104,98,"Location 17",2006-01-04,2006-01-06,0.110084266566446
40,20,"Location 55",2006-01-05,2006-01-06,0.0618932119635929
111,118,"Location 114",2006-01-05,2006-01-07,0.0354682593852987
45,82,"Location 108",2006-01-06,2006-01-07,0.039647447816075
38,16,"Location 82",2006-01-04,2006-01-05,0.0101618925469893
97,51,"Location 81",2006-01-05,2006-01-07,0.0125503155585547
73,99,"Location 124",2006-01-04,2006-01-04,0.0536429054894446
30,102,"Location 144",2006-01-07,2006-01-07,0.0128598844260826
108,61,"Location 18",2006-01-02,2006-01-06,0.00925800737074193
54,69,"Location 33",2006-01-07,2006-01-07,0.100084975504918
11,17,"Location 6",2006-01-07,2006-01-07,0.0020124652640637
53,73,"Location 83",2006-01-07,2006-01-07,0.088174423884387
75,115,"Location 130",2006-01-02,2006-01-04,0.00380179166528352
27,121,"Location 32",2006-01-03,2006-01-06,0.00336854151565073
109,80,"Location 148",2006-01-02,2006-01-07,0.0178191281479359
35,5,"Location 51",2006-01-04,2006-01-05,0.0850923716294953
104,98,"Location 128",2006-01-01,2006-01-05,0.087200453085264
35,5,"Location 51",2006-01-03,2006-01-07,0.0982358268307356
62,102,"Location 52",2006-01-02,2006-01-05,0.0773164245326067
107,88,"Location 125",2006-01-06,2006-01-07,0.0110368386145865
74,64,"Location 95",2006-01-01,2006-01-06,0.0792515943288663
9,14,"Location 117",2006-01-05,2006-01-07,0.00368643561425112
71,12,"Location 77",2006-01-03,2006-01-04,0.00802953892945861
26,19,"Location 149",2006-01-01,2006-01-04,0.0094376951004597
89,100,"Location 99",2006-01-05,2006-01-07,0.519050446301763
37,105,"Location 68",2006-01-03,2006-01-05,0.0491514754609549
56,43,"Location 54",2006-01-03,2006-01-07,0.178088335269422
39,67,"Location 126",2006-01-05,2006-01-07,0.0235140467831722
4,9,"Location 48",2006-01-05,2006-01-07,0.00159903293766522
59,93,"Location 25",2006-01-07,2006-01-07,0.10551843358068
4,9,"Location 48",2006-01-06,2006-01-07,0.000866696939993972
109,102,"Location 150",2006-01-07,2006-01-07,0.00245175088646003
95,70,"Location 123",2006-01-01,2006-01-03,0.0341105801674581
30,10,"Location 65",2006-01-04,2006-01-07,0.0176271543281814
111,118,"Location 114",2006-01-03,2006-01-07,0.0452944511077173
42,116,"Location 122",2006-01-05,2006-01-06,0.00572830885185264
86,108,"Location 116",2006-01-01,2006-01-04,0.0656982264419052
67,27,"Location 139",2006-01-03,2006-01-06,0.0328893340260095
30,10,"Location 65",2006-01-07,2006-01-07,0.0218426753993602
42,63,"Location 140",2006-01-05,2006-01-05,0.0283199901976635
4,9,"Location 48",2006-01-03,2006-01-03,0.00318822480001775
102,52,"Location 89",2006-01-01,2006-01-06,0.00635076907842505
67,27,"Location 139",2006-01-03,2006-01-04,0.0305259617784751
116,16,"Location 47",2006-01-01,2006-01-06,0.000155655276186846
45,82,"Location 49",2006-01-04,2006-01-07,0.0362552953324287
109,81,"Location 96",2006-01-02,2006-01-02,0.0236225070390598
109,80,"Location 27",2006-01-07,2006-01-07,0.0111702987434607
70,118,"Location 87",2006-01-03,2006-01-07,0.00391375146477912
58,65,"Location 84",2006-01-02,2006-01-02,0.0556806035471406
118,117,"Location 98",2006-01-01,2006-01-01,0.00650088263642878
58,65,"Location 129",2006-01-04,2006-01-04,0.138503905494266
39,32,"Location 59",2006-01-01,2006-01-02,0.0129912913351404
59,109,"Location 9",2006-01-02,2006-01-05,0.091412665436034
118,89,"Location 5",2006-01-01,2006-01-04,0.0473141870099466
45,82,"Location 108",2006-01-07,2006-01-07,0.0187445244629695
11,17,"Location 6",2006-01-01,2006-01-02,0.00250120921753879
54,113,"Location 63",2006-01-04,2006-01-07,0.0164689919775659
36,26,"Location 86",2006-01-02,2006-01-06,0.0305127369737572
58,112,"Location 15",2006-01-04,2006-01-07,0.0810285629692468
107,88,"Location 79",2006-01-05,2006-01-06,0.0477637213407434
30,108,"Location 106",2006-01-03,2006-01-03,0.0159847747909225
85,116,"Location 31",2006-01-02,2006-01-02,0.0391498429053172
39,32,"Location 59",2006-01-03,2006-01-07,0.078404389159914
52,62,"Location 141",2006-01-06,2006-01-07,0.146249917520436
92,57,"Location 4",2006-01-03,2006-01-07,0.0594210535988774
64,111,"Location 67",2006-01-05,2006-01-07,0.0124770261575375
85,116,"Location 31",2006-01-02,2006-01-03,0.0414483905994227
9,12,"Location 97",2006-01-03,2006-01-07,0.00303954738202587
39,32,"Location 59",2006-01-07,2006-01-07,0.10655443164372
52,62,"Location 37",2006-01-03,2006-01-03,0.151364729087315
71,12,"Location 77",2006-01-05,2006-01-06,0.0180285445499824
57,121,"Location 112",2006-01-07,2006-01-07,0.0424652276554601
100,85,"Location 72",2006-01-06,2006-01-07,0.0871692326995799
26,19,"Location 149",2006-01-03,2006-01-05,0.0105088312286246
35,5,"Location 51",2006-01-05,2006-01-06,0.0314447583254681
70,118,"Location 87",2006-01-03,2006-01-07,0.00391375146477912
109,102,"Location 2",2006-01-01,2006-01-01,0.0121451601380329
68,23,"Location 19",2006-01-07,2006-01-07,0.0271588434467655
61,95,"Location 41",2006-01-05,2006-01-07,0.108503375460916
9,12,"Location 97",2006-01-07,2006-01-07,0.000522802258373645
67,109,"Location 109",2006-01-03,2006-01-04,0.0401220399908198
95,102,"Location 24",2006-01-01,2006-01-04,0.104478218429923
11,49,"Location 44",2006-01-02,2006-01-02,0.00359682919300515
30,102,"Location 131",2006-01-01,2006-01-01,0.0302312688802431
71,73,"Location 26",2006-01-02,2006-01-06,0.0547479885123418
109,102,"Location 150",2006-01-04,2006-01-07,0.0733248384667817
53,73,"Location 83",2006-01-07,2006-01-07,0.088174423884387
67,26,"Location 35",2006-01-02,2006-01-04,0.0238772472663919
30,102,"Location 138",2006-01-04,2006-01-04,0.0427991248367713
59,93,"Location 25",2006-01-01,2006-01-01,0.0488675809909485
42,116,"Location 122",2006-01-04,2006-01-07,0.00935626836332896
52,62,"Location 37",2006-01-02,2006-01-04,0.120355288446363
9,14,"Location 117",2006-01-04,2006-01-07,0.00406316395403413
9,14,"Location 117",2006-01-04,2006-01-07,0.00406316395403413
108,61,"Location 18",2006-01-02,2006-01-06,0.00925800737074193
73,99,"Location 133",2006-01-03,2006-01-07,0.08967065455181
36,26,"Location 86",2006-01-04,2006-01-07,0.0525078999089601
57,121,"Location 112",2006-01-07,2006-01-07,0.0424652276554601
59,109,"Location 9",2006-01-01,2006-01-05,0.0818485696252461
38,16,"Location 120",2006-01-07,2006-01-07,0.0231952615005563
62,102,"Location 52",2006-01-04,2006-01-07,0.0945459329765678
104,98,"Location 105",2006-01-06,2006-01-07,0.0389730595173887
87,114,"Location 53",2006-01-04,2006-01-05,0.037410040439075
30,102,"Location 138",2006-01-06,2006-01-07,0.00937028337943957
109,102,"Location 150",2006-01-05,2006-01-07,0.0545213391269783
109,81,"Location 96",2006-01-03,2006-01-05,0.0199420605074213
92,57,"Location 4",2006-01-04,2006-01-05,0.0383314085941796
42,116,"Location 118",2006-01-07,2006-01-07,0.0174061351761641
9,14,"Location 58",2006-01-01,2006-01-01,0.000329828937458328
74,64,"Location 95",2006-01-06,2006-01-07,0.103604037576588
42,63,"Location 88",2006-01-01,2006-01-06,0.0201682829283653
8,26,"Location 57",2006-01-02,2006-01-03,0.00390428898811024
73,99,"Location 115",2006-01-03,2006-01-05,0.0489388139360219
89,56,"Location 39",2006-01-07,2006-01-07,0.143901275805547
104,98,"Location 128",2006-01-04,2006-01-04,0.156467993898938
11,17,"Location 6",2006-01-07,2006-01-07,0.0020124652640637
57,27,"Location 40",2006-01-02,2006-01-06,0.086165451926945
58,65,"Location 129",2006-01-02,2006-01-02,0.0556806035471406
64,73,"Location 142",2006-01-05,2006-01-07,0.0566181016792042
73,99,"Location 124",2006-01-05,2006-01-05,0.0562914636551189
115,60,"Location 76",2006-01-01,2006-01-06,0.00290554444254718
59,109,"Location 111",2006-01-05,2006-01-07,0.0575031762461246
64,111,"Location 67",2006-01-06,2006-01-07,0.0123586519009677
86,108,"Location 116",2006-01-07,2006-01-07,0.171808083299159
86,108,"Location 116",2006-01-03,2006-01-04,0.0758166189977298
109,80,"Location 148",2006-01-02,2006-01-02,0.0169655149685847
40,20,"Location 55",2006-01-02,2006-01-06,0.0329349696092625
75,115,"Location 8",2006-01-06,2006-01-07,0.0240678118264744
104,98,"Location 17",2006-01-02,2006-01-04,0.105144927702996
11,49,"Location 44",2006-01-02,2006-01-06,0.00455619344090034
11,17,"Location 102",2006-01-01,2006-01-03,0.00354829675786039
70,118,"Location 87",2006-01-06,2006-01-07,0.00638006921368136
38,16,"Location 82",2006-01-07,2006-01-07,0.0231952615005563
73,99,"Location 133",2006-01-04,2006-01-06,0.0654176863261253
42,63,"Location 88",2006-01-03,2006-01-07,0.0255834530169826
54,69,"Location 33",2006-01-02,2006-01-02,0.0515283692645122
86,108,"Location 116",2006-01-06,2006-01-07,0.16487256258794
104,98,"Location 128",2006-01-02,2006-01-04,0.105144927702996
69,54,"Location 22",2006-01-03,2006-01-07,0.0587818661188066
31,111,"Location 21",2006-01-06,2006-01-07,0.0407966632565149
68,23,"Location 19",2006-01-02,2006-01-03,0.00383292248192409
39,67,"Location 126",2006-01-04,2006-01-07,0.0224527384915518
79,101,"Location 119",2006-01-07,2006-01-07,0.39714513089469
54,69,"Location 33",2006-01-01,2006-01-03,0.0522878951711745
112,65,"Location 13",2006-01-07,2006-01-07,0.0241271819353036
57,121,"Location 112",2006-01-04,2006-01-07,0.0619626214491594
104,98,"Location 105",2006-01-05,2006-01-07,0.0590646440849064
71,73,"Location 104",2006-01-05,2006-01-07,0.0662360776004789
67,26,"Location 35",2006-01-04,2006-01-07,0.0371556593326735
45,82,"Location 49",2006-01-05,2006-01-06,0.0468161688900182
59,109,"Location 9",2006-01-06,2006-01-06,0.0338237927432298
4,9,"Location 48",2006-01-04,2006-01-06,0.00284649072273484
95,70,"Location 123",2006-01-05,2006-01-07,0.175914397206927
45,82,"Location 49",2006-01-03,2006-01-04,0.031724932493186
28,47,"Location 23",2006-01-01,2006-01-05,0.0220660662445008
97,105,"Location 145",2006-01-07,2006-01-07,0.0144010088168519
67,27,"Location 139",2006-01-03,2006-01-07,0.0333918675124778
56,62,"Location 56",2006-01-02,2006-01-06,0.148012422141619
61,95,"Location 41",2006-01-07,2006-01-07,0.0877096898269277
67,26,"Location 35",2006-01-05,2006-01-07,0.034597472013805
62,102,"Location 52",2006-01-06,2006-01-07,0.0872425445474316
11,17,"Location 6",2006-01-02,2006-01-05,0.00674011735905348
64,59,"Location 78",2006-01-07,2006-01-07,0.135257992800083
85,116,"Location 31",2006-01-06,2006-01-06,0.0482003983961476
87,114,"Location 53",2006-01-07,2006-01-07,0.137764198825607
104,98,"Location 128",2006-01-01,2006-01-06,0.085089876334463
112,65,"Location 13",2006-01-06,2006-01-06,0.0246511658967089
112,88,"Location 29",2006-01-02,2006-01-04,0.097557209869592
35,5,"Location 51",2006-01-04,2006-01-04,0.138177683614534
53,73,"Location 110",2006-01-07,2006-01-07,0.088174423884387
26,19,"Location 20",2006-01-07,2006-01-07,0.00453830690598049
56,62,"Location 56",2006-01-04,2006-01-05,0.11948244953904
51,27,"Location 91",2006-01-05,2006-01-05,0.101803615810544
45,82,"Location 108",2006-01-01,2006-01-05,0.0336705425610262
38,16,"Location 82",2006-01-04,2006-01-07,0.0140455269364755
42,116,"Location 122",2006-01-07,2006-01-07,0.0174061351761641
118,117,"Location 98",2006-01-04,2006-01-07,0.0206788128530758
42,63,"Location 88",2006-01-07,2006-01-07,0.0278426359727746
37,97,"Location 90",2006-01-07,2006-01-07,0.0196849686820618
87,117,"Location 71",2006-01-01,2006-01-06,0.0433022773841508
64,59,"Location 147",2006-01-03,2006-01-06,0.0744771543637057
54,67,"Location 62",2006-01-02,2006-01-02,0.0758184755037898
58,65,"Location 129",2006-01-06,2006-01-07,0.108199815448036
6,46,"Location 73",2006-01-07,2006-01-07,0.000183416885383518
75,115,"Location 130",2006-01-04,2006-01-07,0.0147725236795774
59,109,"Location 9",2006-01-04,2006-01-07,0.0784467391478453
58,112,"Location 15",2006-01-02,2006-01-02,0.0626097059163537
67,27,"Location 139",2006-01-01,2006-01-01,0.0046136054704012
38,16,"Location 82",2006-01-06,2006-01-07,0.0179291613259617
58,65,"Location 84",2006-01-03,2006-01-04,0.116320983238438
95,102,"Location 24",2006-01-06,2006-01-07,0.0844275195959199
37,97,"Location 143",2006-01-04,2006-01-04,0.0691953127898159
69,54,"Location 22",2006-01-03,2006-01-03,0.0280347840847147
30,108,"Location 12",2006-01-03,2006-01-03,0.0159847747909225
107,88,"Location 79",2006-01-07,2006-01-07,0.00339642681979058
57,121,"Location 28",2006-01-03,2006-01-07,0.0731988706168825
87,117,"Location 103",2006-01-05,2006-01-07,0.0774698635773853
71,73,"Location 104",2006-01-06,2006-01-06,0.0638503618877924
73,99,"Location 124",2006-01-07,2006-01-07,0.215218141117172
89,56,"Location 39",2006-01-02,2006-01-02,0.0306226069142213
36,26,"Location 86",2006-01-03,2006-01-07,0.0445392957506859
89,56,"Location 39",2006-01-01,2006-01-01,0.0195627743503716
79,101,"Location 64",2006-01-05,2006-01-07,0.249932005923862
111,118,"Location 11",2006-01-04,2006-01-07,0.0421801108056267
89,100,"Location 99",2006-01-01,2006-01-03,0.154950083141456
57,121,"Location 28",2006-01-04,2006-01-06,0.0684617527137258
67,26,"Location 35",2006-01-03,2006-01-03,0.0133652293546523
30,102,"Location 138",2006-01-07,2006-01-07,0.0128598844260826
64,59,"Location 147",2006-01-03,2006-01-07,0.0866333220509811
58,84,"Location 45",2006-01-01,2006-01-06,0.0262946492301334
61,95,"Location 41",2006-01-01,2006-01-02,0.0761416561019246
99,111,"Location 34",2006-01-06,2006-01-07,0.0954528052261594
53,73,"Location 110",2006-01-02,2006-01-04,0.0533925612684369
89,56,"Location 39",2006-01-02,2006-01-07,0.067470887308395
56,62,"Location 56",2006-01-01,2006-01-03,0.266195128132394
104,98,"Location 17",2006-01-05,2006-01-05,0.0992478132199418
109,80,"Location 101",2006-01-02,2006-01-02,0.0169655149685847
9,12,"Location 97",2006-01-04,2006-01-04,0.00372552349858779
89,100,"Location 99",2006-01-04,2006-01-07,0.469767862947871
116,16,"Location 47",2006-01-05,2006-01-07,0.000244669498562623
39,32,"Location 59",2006-01-07,2006-01-07,0.10655443164372
57,121,"Location 28",2006-01-06,2006-01-06,0.0228084774865541
116,16,"Location 47",2006-01-07,2006-01-07,0.000571333730325918
118,89,"Location 5",2006-01-02,2006-01-05,0.0490197944715831
40,20,"Location 55",2006-01-06,2006-01-07,0.0689746476988754
107,88,"Location 125",2006-01-06,2006-01-06,0.0186772504093824
38,16,"Location 120",2006-01-06,2006-01-06,0.0126630611513671
109,80,"Location 146",2006-01-05,2006-01-07,0.0177769355281675
115,60,"Location 76",2006-01-03,2006-01-04,0.00190096762745876
48,88,"Location 14",2006-01-03,2006-01-03,0.0361867067416218
30,102,"Location 138",2006-01-03,2006-01-06,0.0240145737961939
64,120,"Location 75",2006-01-01,2006-01-03,0.00155872490460575
71,73,"Location 104",2006-01-04,2006-01-07,0.0608169787028601
103,50,"Location 50",2006-01-04,2006-01-07,0.029897483685204
58,112,"Location 113",2006-01-04,2006-01-07,0.0810285629692468
4,9,"Location 48",2006-01-04,2006-01-06,0.00284649072273484
30,108,"Location 12",2006-01-01,2006-01-01,0.0151500409562762
9,14,"Location 58",2006-01-02,2006-01-03,0.00299795574794833
79,101,"Location 64",2006-01-05,2006-01-05,0.160852708480282
75,115,"Location 8",2006-01-04,2006-01-07,0.0147725236795774
103,50,"Location 50",2006-01-06,2006-01-07,0.0263983619864424
102,66,"Location 93",2006-01-03,2006-01-06,0.111541441697227
89,100,"Location 99",2006-01-05,2006-01-05,0.541311971270867
103,50,"Location 50",2006-01-02,2006-01-05,0.0271251435795724
36,26,"Location 86",2006-01-05,2006-01-07,0.0631168946306894
70,118,"Location 87",2006-01-03,2006-01-07,0.00391375146477912
75,115,"Location 130",2006-01-05,2006-01-05,0.00686833093747434
111,118,"Location 11",2006-01-07,2006-01-07,0.053252665945062
75,115,"Location 8",2006-01-07,2006-01-07,0.0278746418871378
37,97,"Location 90",2006-01-04,2006-01-07,0.0465727152345607
86,108,"Location 85",2006-01-05,2006-01-05,0.111304705266472
30,10,"Location 65",2006-01-04,2006-01-05,0.0208224867795555
2,81,"Location 7",2006-01-07,2006-01-07,0.0016023873670908
58,112,"Location 113",2006-01-01,2006-01-06,0.0842150408557372
30,102,"Location 144",2006-01-05,2006-01-07,0.0121939949622174
58,65,"Location 84",2006-01-01,2006-01-05,0.0759102743785434
64,59,"Location 78",2006-01-01,2006-01-01,0.0680275858826462
37,105,"Location 68",2006-01-07,2006-01-07,0.0373730332891379
89,56,"Location 39",2006-01-01,2006-01-04,0.0391332511628188
102,66,"Location 93",2006-01-04,2006-01-05,0.112852482895202
64,73,"Location 142",2006-01-07,2006-01-07,0.0779802859748694
109,80,"Location 27",2006-01-06,2006-01-07,0.0148194604131883
42,63,"Location 132",2006-01-03,2006-01-06,0.0250186572780346
95,102,"Location 24",2006-01-04,2006-01-07,0.116781047684829
53,73,"Location 83",2006-01-05,2006-01-05,0.0653052528226302
9,14,"Location 117",2006-01-07,2006-01-07,0.00150183992294236
73,99,"Location 115",2006-01-06,2006-01-07,0.150768415475492
61,95,"Location 41",2006-01-06,2006-01-07,0.104480699595418
69,54,"Location 22",2006-01-01,2006-01-01,0.0593138081465365
54,113,"Location 63",2006-01-02,2006-01-05,0.0203083894803058
11,17,"Location 6",2006-01-07,2006-01-07,0.0020124652640637
67,27,"Location 139",2006-01-02,2006-01-03,0.0141689257328418
102,66,"Location 93",2006-01-01,2006-01-04,0.0782470510808745
109,102,"Location 2",2006-01-04,2006-01-05,0.108717079456255
87,117,"Location 103",2006-01-06,2006-01-07,0.0961204425493634
73,99,"Location 115",2006-01-04,2006-01-07,0.102867800023887
73,99,"Location 115",2006-01-07,2006-01-07,0.215218141117172
39,67,"Location 126",2006-01-01,2006-01-03,0.00510136346518506
45,82,"Location 108",2006-01-01,2006-01-04,0.0338176865485688
56,43,"Location 54",2006-01-03,2006-01-04,0.145112144612843
111,118,"Location 11",2006-01-07,2006-01-07,0.053252665945062
67,26,"Location 35",2006-01-05,2006-01-07,0.034597472013805
54,113,"Location 63",2006-01-06,2006-01-07,0.016515224236476
48,64,"Location 42",2006-01-07,2006-01-07,0.0573762472981798
73,99,"Location 38",2006-01-03,2006-01-07,0.08967065455181
56,43,"Location 54",2006-01-07,2006-01-07,0.316939203912625
56,62,"Location 56",2006-01-05,2006-01-07,0.196480634915335
26,19,"Location 149",2006-01-06,2006-01-07,0.00510503513832343
39,67,"Location 127",2006-01-02,2006-01-02,0.00705336588543067
54,67,"Location 62",2006-01-07,2006-01-07,0.116539647327348
69,54,"Location 22",2006-01-07,2006-01-07,0.0947891788503815
