"V1","V2","V3","V4","V5","V6","V7","V8","V9","V10","V11","V12","V13","V14","V15","V16","V17","V18","V19","V20","V21","V22","V23","V24","V25","V26","V27","V28","V29","V30","V31","V32","V33","V34","V35","V36","V37","V38","V39","V40","V41","V42","V43","V44","V45","V46","V47","V48","V49","V50","V51","V52","V53","V54","V55","V56","V57","V58","V59","V60","V61","V62","V63","V64","V65","V66","V67","V68","V69","V70","V71","V72","V73","V74","V75","V76","V77","V78","V79","V80","V81","V82","V83","V84","V85","V86","V87","V88","V89","V90","V91","V92","V93","V94","V95","V96","V97","V98","V99","V100","V101","V102","V103","V104","V105","V106","V107","V108","V109","V110","V111","V112","V113","V114","V115","V116","V117","V118","V119","V120","V121"
1675,1703,1756,1737,1768,4456,4441,4466,1777,4464,4466,4601,4600,4577,1,1,1,1,1,1,1,1,1,1,1,1,1,1,1,1,1,1,1,1,1,1,1,1,1,1,1,1,1,1,1,1,1,1,1,1,1,1,1,1,1,1,1,1,1,1,1,1,1,1,1,1,1,1,1,1,1,1,1,1,1,1,1,1,1,1,1,1,1,1,1,1,1,1,1,1,1,1,1,1,1,1,1,1,1,1,1,1,1,1,1,1,1,1,1,1,1,1,1,1,1,1,1,1,1,1,1
1675,1764,1756,1737,4440,4441,1769,4586,1766,4586,4603,4603,4600,4577,1,1,1,1,1,1,1,1,1,1,1,1869,1,1,1,1,1415,1,1,1,1,1,1,1,1,1,1,1,1,1,1,1,1,1,1,1,1,1,1,1,1,1,1,1,1,1,1,1,1,1,1,1,1,1,1,1,1,1,1,1,1,1,1,1,1,1,1,1,1,1,1,1,1,1,1,1,1,1,1,1,1,1,1,1,1,1,1,1,1,1,1,1,1,1,1,1,1,1,1,1,1,1,1,1,1,1,1
1675,1764,1756,1737,1769,1769,4437,4598,4603,4598,4603,4598,4602,4599,1,1,1,1,1,1,1,1,1,1,1,4614,4614,3779,43,1413,1412,4646,4646,1,1,1,1,1,1,1,1,1,1,1,1,1,1,1,1,1,1,1,1,1,1,1,1,1,1,1,1,1,1,1,1,1,1,1,1,1,1,1,1,1,1,1,1,1,1,1,1,1,1,1,1,1,1,1,1,1,1,1,1,1,1,1,1,1,1,1,1,1,1,1,1,1,1,1,1,1,1,1,1,1,1,1,1,1,1,1,1
1756,1756,1756,1737,1769,1769,1734,4458,4603,1829,4598,4500,4597,506,1,1,1,1,1,1,1,1,1,1,1416,1855,1855,3780,1846,3783,1850,1854,4627,99,1,1,1,1,1,1,1,1,1,1,1,1,1,1,1,1,1,1,1,1,1,1,1,1,1,1,1,1,1,1,1,1,1,1,1,1,1,1,1,1,1,1,1,1,1,1,1,1,1,1,1,1,1,1,1,1,1,1,1,1,1,1,1,1,1,1,1,1,1,1,1,1,1,1,1,1,1,1,1,1,1,1,1,1,1,1,1
1675,1675,1675,1737,1769,1769,1734,4456,655,4603,4667,1775,1933,4583,4700,1,1,1,1,1,1,1,1,1,1,3784,3784,1856,3787,120,3792,4620,4631,121,117,4621,1,1,1,1,1,1,1,1,1,1,1,1,1,1,1,1,1,1,1,1,1,1,1,1,1,1,1,1,1,1,1,1,1,1,1,1,1,1,1,1,1,1,1,1,1,1,1,1,1,1,1,1,1,1,1,1,1,1,1,1,1,1,1,1,1,1,1,1,1,1,1,1,1,1,1,1,4433,1,1,1,1,1,4426,1,1
1756,1756,1756,1758,4441,1739,1734,4437,592,508,4464,4667,507,4633,4344,1934,1,1,1,1,1,1,1,1,1,3780,3785,3786,3786,3790,3793,4629,44,127,4632,129,127,1862,118,1859,144,1427,1426,142,1,1,1,1,1,1,1,1,1,1,1,1,1,1,1,1,1,1,1,1,1,1,1,1,1,1,1,1,1,1,1,1,1,1,1,1,1,1,1,1,1,1,1,1,1,1,1,1,1,1,1,1,1,1,1,1,1,1,1,1,1,1,1,1,1,1,1,1,4430,1372,1041,4426,1,1,1369,1,1
1756,1756,1756,1758,1769,1769,4441,1767,4456,686,4667,4667,4667,4647,4700,4502,4699,1467,1,1,1,1,1,1,3781,3785,4634,3786,3790,3790,3791,4642,1863,4645,128,4644,129,126,125,45,123,122,119,143,1,1,1,1,1,1,1,1,1,1,1,1,1,1,1,1,1,1,1,1,1,1,1,1,1,1,1,1,1,1,1,1,1,1,1,1,1,1,1,1,1,1,1,1,1,1,1,1,1,1,1,1,1,1,1,1,1,1,1,1,1,1,1,1,1,1,1,1040,4427,4427,1042,4430,4426,1370,3451,3451,1
1675,1675,1675,1679,1715,1715,1650,1705,1648,4458,498,4322,4598,4696,4475,4599,1872,1872,1870,1,1,1414,1845,1845,1848,4625,113,4607,4639,3790,3794,3801,3810,3803,4613,4644,1868,46,127,124,138,138,136,134,1,1,1,1,1,1,1,1,1,1,1,1,1,1,1,1,1,1,1,1,1,1,1,1,1,1,1,1,1,1,1,1,1,1,1,1,1,1,1,1,1,1,1,1,1,1,1,1,1,1,1,1,1,1,1,1,1,1,1,1,1,1,1,1,1,1,4427,100,1043,3476,4431,101,101,4430,3451,3451,1
1756,1756,1756,1758,1758,1758,1758,4441,1734,1769,4496,4499,511,4637,4693,2024,2021,2021,1865,1871,4616,4618,1849,658,3783,3786,4606,1835,3798,1864,3795,3795,3795,3802,1843,3799,3800,3802,1843,41,139,139,138,136,133,1,1,1,1,1,1,1,1,1,1,1,1,1,1,1,1,1,1,1,1,1,1,1,1,1,1,1,1,1,1,1,1,1,1,1,1,1,1,1,1,1,1,1,1,1,1,1,1,1,1,1,1,1,1,1,1,1,1,1,1,1,1,1,1,4427,3452,1733,3452,3452,3452,4431,4428,1,1,1,1
1756,1756,1758,1758,1758,4448,1758,1739,1739,4458,1769,686,4516,4480,4701,4668,4695,510,1421,1,3782,4624,4638,1858,1852,4628,3768,3770,3774,1832,115,3774,1882,4648,3774,3776,3802,1843,1879,132,49,130,139,137,135,1,1,1,1,1,1,1,1,1,1,1,1,1,1,1,1,1,1,1,1,1,1,1,1,1,1,1,1,1,1,1,1,1,1,1,1,1,1,1,1,1,1,1,1,1,1,1,1,1,1,1,1,1,1,1,1,1,1,1,1,1,1,1,1,3493,102,3476,3477,3477,3417,4317,4429,1,1,1,1
1756,1756,1758,1758,1758,1758,1739,1739,1739,1769,4458,685,4698,4331,4517,4698,4697,1,1,1,1,4638,4643,3789,1851,4627,4606,3774,3774,1840,114,116,3811,3774,4610,3776,1424,3774,1881,50,131,131,140,139,1,1,1,1,1,1,1,1,1,1,1,1,1,1,1,1,1,1,1,1,1,1,1,1,1,1,3594,2496,1,1,1,1,1,1,1,1,1,1,1,1,1,1,1,1,1,1,1,1,1,1,1,1,1,1,1,1,1,1,1,1,1,1,1,1,1,1371,3452,3476,3476,3475,3453,3454,1,1,1,1,1
1756,1756,1758,1758,1758,1739,1739,1739,1739,1769,1769,4458,688,505,4698,4698,4697,1,1,1,1,1867,3766,3796,1860,3788,4611,3894,3773,3889,114,4683,74,1842,4613,3774,3774,3777,3808,50,50,132,141,145,1,1,1,1,1,1,1,1,1,1,1,1,1,1,1,1,1,1,1,1,1,1,1,1,1,2495,3516,3599,1,1,1,1,1,1,1,1,1,1,1,1,1,1,1,1,1,1,1,1,1,1,1,1,1,1,1,1,1,1,1,1,1,1,1,1,1,1371,3476,3474,3474,3475,3448,4432,3453,1,1,1,1
1756,1758,1758,1758,1758,1758,1758,1739,1739,4458,1769,1769,4480,1783,1790,4468,4635,1,1,1,1,1422,1837,3767,3790,1860,174,3892,3774,4683,4683,3892,4683,1839,3890,1841,4512,3774,1880,3502,1881,1878,1884,1886,1,1,1,1,1,1,1,1,1,1,1,1,1,1,1,1,1,1,1,1,1,1,1,1,1,3595,2490,3597,3590,1,1551,2491,2484,1,1,1,1,1,1,1,1,1,1,1,1,1,1,1,1,1,1,1,1,1,1,1,1,1,1,1,1,1,1,1,1,1,3473,3479,3479,3479,3448,103,3450,1,1,1,1
1756,1758,1382,1758,1758,1758,1758,1739,1739,1769,1769,4458,1783,4480,1783,4480,4623,1,1,1,1,1423,1834,3769,3798,3898,4683,2010,3775,4683,66,3894,4683,1843,3892,3890,3890,3894,4523,1878,1877,1881,1885,1,1,1,1,1,1,1,1,1,1,1,1,1,1,1,1,1,1,1,1,1,1,1,1,1,1,3596,3598,3592,3593,2494,3591,3576,2487,1552,1,1,1,1,1,1,1,1,1,1,1,1,1,1,1,1,1,1,1,1,1,1,1,1,1,1,1,1,1,1,1,1,3456,3478,3479,3479,3457,3449,1,1,1,1,1
1675,1679,1679,1679,1758,1758,1758,1739,1739,1769,1769,1769,654,1783,1783,4626,4617,1,1,1,1,3797,3771,1836,3886,3885,4683,4684,2010,2010,2015,2014,3890,4612,3892,3895,3891,3894,4524,2089,2086,210,2103,1,1,1,1,1,1,1,1,1,1,1,1,1,1,1,1,1,1,1,1,1,1,1,1,1,1,2497,2493,3577,3574,2481,3582,3584,2486,1,1,1,1,1,1,1,1,1,1,1,1,1,1,1,1,1,1,1,1,1,1,1,1,1,1,1,1,1,1,1,1,1,3456,3456,3456,3457,4434,104,1,1,1,1,1
1758,1758,1758,1758,1758,1739,1739,1739,1739,1769,1769,1769,4458,4468,4480,4626,1,1,1,1,1,1836,1838,4472,3772,3770,114,3774,3774,4611,3890,3501,3774,2015,4613,3778,3776,3776,3808,3809,1878,141,1428,1,1,1,1,1,1,1,1,1,1,1,1,1,1,1,1,1,1,1,1,1,1,1,1,1,1,1,2499,3588,2481,3582,3584,3606,3603,1,1555,1,1,1,1,1,1,1,1,1,1,1,1,1,1,1,1,1,1,1,1,1,1,1,1,1,1,1,1,1,1,1,1375,3456,3456,3459,3459,4436,4435,1,1,1,1
1758,1758,1758,1758,1758,1739,1739,1769,1739,1769,1770,1770,4460,4470,4481,1828,1,1,1,1,1,3887,3874,3769,2003,2012,2010,3890,3890,4522,2088,3893,3890,3774,2013,3892,4512,2089,2089,2088,2089,2103,1,1,1,1,1,1,1,1,1,1,1,1,1,1,1,1,1,1,1,1,1,1,1,1,1,1,1,1,2492,3581,3575,3573,3584,3583,2489,2486,3605,1,1,1,1,1,1,1,1,1,1,1,1,1,1,1,1,1,1,1,1,1,1,1,1,1,1,1,1,1,1,1,1,3455,3458,105,1376,1376,1,1,1,1,1
1758,1758,1758,1758,1758,1758,1739,1741,4443,1770,1770,4460,4470,4329,4481,1420,1,1,1,1,1,4509,2009,3767,3875,211,2013,3894,3774,2087,2087,2087,3913,1840,2015,3894,3892,2081,2081,2081,2081,2101,1,1,1,1,1,1,1,1,1,1,1,1,1,1,1,1,1,1,1,1,1,1,1,1,1,1,1,1,2498,3579,3589,3578,3584,3603,3610,2488,2529,1556,1,1,1,1,1,1,1,1,1,1,1,1,1,1,1,1,1,1,1,1,1,1,1,1,1,1,1,1,1,1,1,1,1,1,1,1,1,1,1,1,1
1758,1758,1758,1758,1758,1760,1770,1770,4443,1770,4460,4460,4460,4470,4640,4630,1,1,1,1,1,4514,3897,3767,2001,2089,4705,3894,3774,2087,2088,3914,3913,1881,2013,3915,2015,198,204,2081,2081,215,1,1,1,1,1,1,1,1,1,1,1,1,1,1,1547,2447,1,1,1,1,1543,1,1,1,1,1,1,1,1,3586,2487,3578,3575,3587,3585,2485,2530,1555,1,1,1,1,1,1,1,1,1,1,1,1,1,1,1,1,1,1,1,1,1,1,1,1,1,1,1,1,1,1,1,1,1,1,1,1,1,1,1,1,1
1679,1758,1758,1758,1679,1741,1741,1770,4443,4460,1770,4460,4470,4470,4640,4640,1418,1,1,1,1,1,1419,3897,2005,3888,3890,3890,3775,3916,75,2051,212,1843,3894,3808,1991,202,2075,2083,216,701,1,1,1,1,1,1,1,1,1,1,1,1,1,1548,2446,2450,1,1,1,1,1,3134,1,1,1,1,1,1,1,1,1,1,1,2483,3580,2482,3607,1,1,1,1,1,1,1490,1490,1,1,1,1,1,1,1,1,1,1,1,1,1,1,1,1,1,1,1,1,1,1,1,1,1,1,1,1,1,1,1,1,1,1
1679,1679,1679,1758,1760,1741,1741,1741,4443,1770,1770,4460,4470,4608,4640,4640,1780,1,1,1,1,1,1,4513,4515,4521,4522,3890,4484,2091,65,4669,62,1843,3894,3776,169,3912,2081,2074,700,1,1,1,1,1,1,1,1,1,1,1,1,1,1,2449,2448,2451,1,1,1,1,1,3119,3119,1,1,1610,3118,1,1,1,1,1,1,1553,1550,1550,1,1,3604,1,1,1,1,1,1,1490,1,1,1,1,1,1,1,1,1,1,1,1,1,1,1,1,1,1,1,1,1,1,1,1,1,1,1,1,1,1,1,1,1
1679,1679,1679,1679,1682,1741,1741,1741,1741,4460,1770,1770,4470,500,4640,4640,4619,1,1,1,1,1,1,4474,2018,4510,3886,2013,3808,75,2089,194,3916,3776,3894,3808,4520,2076,2075,2079,698,1,1,1,1,1,1,1,1,1,1,1,1,1,2449,2450,2456,2450,1,1,1,1,1,3119,3119,3120,1,3120,3135,1,1,1,1,1,1,1,1,1,1,1558,3605,1557,1642,1,1560,2529,1,1641,1,1,1,1,1,1,1,1,1,1,1,1,1,1,1,1,1,1,1,1,1,1,1,1,1,1,1,1,1,1,1,1,1
1679,1679,1679,1682,1682,1741,1741,1741,4443,4460,4460,1770,4460,4608,4640,4478,4476,1,1,1,1,1,1,1,1,4525,2006,2022,3810,3913,2089,4702,3909,1881,3894,4483,2061,2061,3911,1172,214,1,1,1,1,1,1,1,1,1,1,1548,1,2429,2450,2446,2862,1,1,1,1,1,1,1,3123,3121,3124,4199,3714,3053,3052,3051,1,1,1,3339,1,3733,3275,1,1643,2539,4057,1644,1644,372,2531,1,1,1,1,1,1,1,1,1,1,1,1,1,1,1,1,1,1,1,1,1,1,1,1,1,1,1,1,1,1,1,1,1,1
1679,1679,1679,1679,1682,1741,1741,1741,4443,4460,4460,1770,4460,4579,4640,4640,4623,4617,1,1,1,1,1,1,1,1429,1861,1853,4548,1883,42,1831,1844,3775,4473,1876,3807,1103,2081,200,699,2093,694,76,1,1,1,1,1,1,1,2430,2430,2453,2864,2452,2863,1598,1,1,1,1,1,1,3122,3130,3130,3054,3057,3058,460,3055,1,1,1,1,1,3278,3325,3326,3609,1646,1645,1644,3612,1644,2539,3918,1,1,1,1,1,1,1,1,1,1,1,1373,3522,1,1,1,1,1,1,1,1,1,1,1,1,1,1,1,1,1,1,1,1
1680,1680,1680,1680,1683,1706,1742,1742,1742,4461,4461,4461,1771,4471,4609,1784,4477,4477,1,1,1,1,1,1,1,1,1,1,1,1,2102,2090,2016,4511,4508,3879,1993,1174,1170,2082,2098,2094,695,2095,693,213,837,1534,1546,1545,2427,2436,2436,2436,2437,8,2433,1544,1,1,1,1,1,3715,3127,3127,3126,3128,3009,3056,3059,3015,1615,1,1638,3284,1,3279,1647,3328,2533,2537,2542,3614,3613,3611,2105,2105,1492,1,1,1,1,1,1,1,1,1,1,1,1374,1,1,1,1,1,1,1,1,1,1,1,1,1,1,1,1,1,1,1,1
1680,1680,1680,1680,1680,1653,1653,1742,1742,4461,4461,4461,4461,4471,4609,4641,1782,4477,1857,1,1,1,1,1,1,1,1,1,1,1,1,2023,4686,4511,3883,3910,2082,71,4348,203,2097,2096,692,697,696,2092,2298,2431,2428,2426,2435,2434,2436,2855,2853,3569,2855,2855,2854,3116,1,1,1,1614,3131,3129,3717,3716,3017,4195,3021,3017,3020,3713,3334,3337,3332,3328,3329,2538,3276,2532,2543,4375,3517,1,2105,2105,1,1,1,1,1,1,1,1,1,1,1,1,1,1,1,1,1,1,1,1,1,1,1,1,1,1,1,1,1,1,1,1,1
1680,1680,1680,1680,1680,1716,1653,1653,1653,1771,4461,4461,4461,4461,4609,4609,660,4636,659,1,1,1,1,1,1,1,1,1,1,1,1,1,2019,1989,3883,4703,4704,72,3424,208,2099,2066,195,2231,2232,2230,2227,2404,2437,2432,2455,2442,2442,2857,3682,2442,2866,2865,2860,1,1,1,1,3117,3128,3127,3717,3009,3017,3016,3063,3060,3331,3331,3738,3338,3336,3331,3330,3329,1,3274,2544,3602,2536,1,1,2104,1,1,1,1,1,1,1,1,1,1,1,1,1,1,1,1,1,1,1,1,1,1,1,1,1,1,1,1,1,1,1,1,1
1680,1680,1680,1680,1680,1680,1653,1653,1653,1771,4461,4461,4461,4461,4471,4593,4469,4479,504,1,1,1,1,1,1,1468,2017,1,1,1,1,1,1,1986,2016,2078,2077,2039,2039,2080,2069,2065,2054,2228,2232,2239,2236,2239,2405,2440,2442,2443,2444,2441,2859,2454,2866,2866,2856,1,1,1,1,3117,3131,21,3009,3009,3009,3017,3019,16,15,3018,3335,2540,3333,3327,3608,1559,1,1,2528,2541,2535,1,1,1,1491,3541,1,1,1,1,1,1,1,1,1,1,1,1,1,1,1,1,1,1,1,1,1,1,1,1,1,1,1,1,1,1,1
1676,1680,1680,1680,1680,1680,1651,1653,1653,1771,1771,4461,4461,4461,4461,4461,4605,4636,503,1,1,1,1,1,1,1,1,1,1,1,1,1,1,4679,4685,4706,4680,2039,201,2100,2064,2068,2056,2233,2235,2252,2250,2410,2412,2406,2441,2441,2438,2858,2860,2780,2805,2804,2861,1,1,1,1,3129,3125,23,3017,3011,3012,3012,3012,3007,3228,3277,3734,31,1,1,1,1,1,1,1,1,2534,1,1,1,1,1,1,1,1,1,1,1,1,1,1,1,1,1,1,1,1,1,1,1,1,1,1,1,1,1,1,1,1,1,1,1,1
1676,1680,1680,1680,1680,1680,1651,1653,1653,1771,1771,4461,4323,1771,4461,4461,4605,1866,1857,1,1,1,1,1,1,1,1,1,1,1,1,1,1,4694,4686,1164,1948,691,207,2097,2067,2055,2071,2249,2245,2249,2251,2409,2411,2412,2439,2445,2785,2781,2783,3680,2809,2807,2788,3126,1,1,1,3131,3133,23,3017,3011,2993,2996,2993,3012,3225,3280,3280,1,1,1,1,1,1,1,1,1,1,1,1,1,1,1,1,1,1,1,1,1,1,1,1,1,1,1,1,1,1,1,1,1,1,1,1,1,1,1,1,1,1,1,1,1,1
1676,1676,1680,1680,1680,1651,1651,1653,1653,1771,1771,4461,4323,4461,4461,4461,4605,4604,1857,1,1,1,1,1,1,1,1,1,1,1,1,1,1,1,2020,4686,170,184,1173,2066,2067,2066,2250,2250,2281,2277,2419,2419,2425,2415,2413,2407,2785,2782,2787,2806,2807,2786,2784,2781,1,1,1,1616,3132,22,3011,3011,2993,1,2991,1,1,1,1,1,1,1,1,1,1,1,1,1,1,1,1,1,1,1,1,1,1430,1,1,1,1,1,1,1,1,1,1,1,1,1,1,1,1,1,1,1,1,1,1,1,1,1,1,1,1
1667,1676,1680,1680,1680,1680,1651,1706,1653,1771,1771,4461,4461,4323,4461,4461,4605,4604,1857,1,1,1,1,1,1,1,1,3896,4615,1,1,1,1,1,175,167,1160,168,206,2070,205,2085,2276,2273,2281,2281,2285,315,2425,2414,2415,2783,2785,3014,2790,2810,2795,2795,2790,3010,3006,1,1,1,3117,1,2995,3005,3005,2990,1,1,1,1,1,1,1,1,1,1,1,1,1,1,1,1,1,1,1,1,1,1,1,1431,1,1,1,1,1,1,1,1,1,1,1,1,1,1,1,1,1,1,1,1,1,1,1,1,1,1,1
1667,1667,1667,1671,1680,1680,1680,1706,1706,1771,1771,4461,4461,4461,4461,1771,4469,4604,1857,1,1,1,1,1,1,1,1,1,1417,1,1,1,1,1,1,4689,4687,67,2053,2063,199,2084,2275,2268,2418,2283,2420,2421,2425,2415,2808,2816,2792,3520,2790,2793,2792,2790,2793,3017,3004,3009,3127,1,1,1,1,2992,2990,1611,1,1,1,1,1,1,1,1,1,1,1,1,1,1,1,1,1,1,1,1,1,1,1,1,1,1,1,1,1,1,1,1,1,1,1,1,1,1,1,1,1,1,1,1,1,1,1,1,1,1,1
1699,1667,1667,1667,1671,1680,1680,1683,1683,1776,1776,1771,4461,4323,4461,1771,657,4328,1866,1,1,1,1,1,1,1,1,1,1,1,1,1,1,1,1,1,1,1,1,2094,2062,2279,2277,2269,2284,2285,2289,2422,2425,2417,2817,2817,2810,3061,2793,435,2798,2791,2789,3013,3012,3006,3006,4557,1,1,1,1,1,1,1,1,1,1,1,1,1,1,1,1,1,1,1,1,1,1,1,1,1,1,1,1,1,1,1,1,1,1,1,1,1,1,1,1,1,1,1,1,1,1,1,1,1,1,1,1,1,1,1,1,1
1699,1667,1667,1667,1671,1671,1671,1717,1717,1717,1717,1717,1706,1728,1784,4461,4605,656,1866,1,1,1,1,1,1,1,1,1,1410,1,1,1,1,1,1,1,1,1,1,1,2300,1235,310,259,2293,316,314,2424,2416,2815,2815,436,2812,2820,2823,2799,2797,2796,2794,3021,3014,3009,2994,2989,1,1,1,1,1,1,1,1,1,1,1,1,1,1,1,1,1,1,1,1,1,1,1,1,1,1,1,1,1,1,1,1,1,1,1,1,1,1,1,1,1,1,1,1,1,1,1,1,1,1,1,1,1,1,1,1,1
1699,1699,1667,1667,1671,1671,1671,1713,1713,1713,1713,4324,1785,1784,1784,4425,4605,657,1857,1,1,1,1,1,1,1,1,1,1,1,1,1,1,1,1,1,1,1,1,1,2297,2238,2270,308,313,2290,2292,2423,2835,2815,2813,2822,2823,2819,2824,2800,2797,2799,2799,2795,3017,3012,4193,2990,1,1,1,1,1,1,1,1,1,1,1,1,1,1,1,1,1,1,1,1,1,1,1,1,1,1,1,1,1,1,1,1,1,1,1,1,1,1,1,1,1,1,1,1,1,1,1,1,1,1,1,1,1,1,1,1,1
1667,1699,1699,1667,1671,1671,1671,1673,1673,1713,1710,1773,1781,1784,1778,499,4605,4605,1,1,1,1,1,1,1,1,1,1,1,1,1,1,1,1,1,1,1,1,1,1793,2296,1232,2245,2289,2288,315,2290,318,2834,2812,2841,2838,2822,2823,2824,2803,2801,2800,2799,3065,3062,3017,3008,2996,2992,1,1,1,1,1,1,1,1,1,1,1,1,1,1,1,1,1,1,1,1,1,1,1,1,1,1,1,1,1,1,1,1,1,1,1,1,1,1,1,1,1,1,1,1,1,1,1,1,1,1,1,1,1,1,1,1
1699,1699,1699,1699,1671,1671,1671,1673,1664,1710,1707,1722,1781,1779,4471,591,4605,4605,1866,1,1,1,1,1,1,1,1,1,1,1,1,1,1,1,1,1,1,1,1,1538,2301,2244,2277,4002,4001,4001,3999,2256,2814,2812,2819,2840,2838,2824,2830,2802,2801,2801,2824,2818,3065,3017,14,3711,1613,2996,1,1,1,1,1,1,1,1,1,1,1,1,1,1,1,1,1,1,1,1,1,1,1,1,1,1,1,1,1,1,1,1,1,1,1,1,1,1,1,1,1,1,1,1,1,1,1,1,1,1,1,1,1,1,1
1699,1699,1699,1699,1671,1671,1662,1664,1664,1707,1719,1720,1731,4330,502,4580,4592,4605,1866,1,1,1,1,1,1,1,1,1,1,1,1,1,1,1,1,1,1,1,1,2243,2265,2277,2267,2293,317,2286,4000,2630,2811,2821,2821,2821,3681,2844,2826,2830,2831,2829,2831,2825,3066,3064,3022,2998,2997,2988,2987,2995,1612,1,1,1,1,1,1,1,1,1,1,1,1,1,1,1,1,1,1,1,1,1,1,1,1,1,1,1,1,1,1,1,1,1,1,1,1,1,1,1,1,1,1,1,1,1,1,1,1,1,1,1,1
1699,1699,1699,1667,1671,1671,1662,1664,1698,1726,1719,1732,1718,501,4461,4569,4592,4605,1857,1847,1,1,1,1,1,1,1,1,1,1,1,1,1,1,1,1,1,1,2302,2242,2262,2203,2202,2205,2204,1236,2631,2632,438,2839,2842,2822,2829,2847,2844,2827,2831,2829,2828,3100,3101,4197,3023,4194,3001,2999,2997,1,1,1,1,1,1,1,1,1,1,1,1,1,1,1,1,1,1,1,1,1,1,1,1,1,1,1,1,1,1,1,1,1,1,1,1,1,1,1,1,1,1,1,1,1,1,1,1,1,1,1,1,1,1
1699,1699,1699,1699,1671,1662,1662,1710,1726,1722,1719,1713,1729,4314,4580,4425,4592,1833,1857,1,1,1,1,1,1,1,1,1,1,1,1,1,1,1,1,1,1,1,1537,81,304,3559,2197,3428,832,1230,380,2632,1604,437,2836,2848,2829,2830,2826,2832,3083,461,2828,3100,3100,3067,4196,3712,3000,3001,2998,3729,3222,3227,1,1,1,1,1,1,1,1,1,1,1,1,1,1,1,1,1,1,1,1,1,1,1496,1,1,1,1,1,1,1,1,1,1,1,1,1,1,1,1,1,1,1,1,1,1,1,1,1,1,1,1
1699,1699,1699,1694,1696,1662,1662,1664,1664,1722,1726,1713,1728,4580,4580,4580,4592,1866,1857,1411,1,1,1,1,1,1,1,1,1,1,1,1,1,1,1,1,1,1,1,2243,2258,2199,4354,2206,4355,4549,956,380,408,2752,2843,2844,439,440,444,2833,3083,3083,2832,3102,3100,3100,3028,3002,3003,3001,3241,3232,3229,3229,1637,1,1,1,1,1,1,1,1,1,1,1,1,1,1,1,914,910,1584,917,1498,722,725,724,724,723,4536,2106,1,1,1,1,1,1,1,1,1,1,1,1,1,1,1,1,1,1,1,1,1,1,1
1699,1699,1699,1699,1702,1662,1662,1710,1722,1722,1726,1717,1728,4314,4580,4424,4592,1866,1847,1,1,1,1,1,1,1,1,1,1,1,1,1,1,1,1,1,1,1,1,1,2259,4551,260,269,2210,3432,2611,1289,969,2837,2846,2845,4176,441,443,3085,3083,463,470,3103,3103,3068,17,3028,3025,3024,3232,3232,3730,3231,1,1,1,1,1,1,1,1,1,1,1,1,1,1,1,914,378,379,1585,4553,3472,1499,4534,4530,4529,717,1525,1497,1,1,1,1,1,1,1,1,1,1,1,1,1,1,1,1,1,1,1,1,1,1,1
1699,1699,1699,1667,1671,1662,1662,1707,1722,4313,1727,1717,4425,4425,4580,4424,4568,1809,4581,1,1,1,1,1,1,1,1,1,1,1,1,1,1,1,1,1,1,1,1,1,1542,2197,2201,2155,4,2217,1290,3489,3490,2752,2848,2843,2846,4177,4174,3080,462,3108,3104,3072,3072,3069,3071,3071,3027,3026,3301,3731,3246,3236,3237,1,1,1,1,1,1,1,1,1,1,1,1,1,1580,916,375,376,3471,377,3485,3464,4535,4531,4533,3463,716,4528,829,1,1,1,1,1,1,1,1,1,1,1,1,1,1,1,1,1,1,1,1,1,1
1667,1667,1667,1667,1671,1671,1662,1690,1691,1691,1727,4422,4415,4308,4415,4568,4315,1804,1801,1,1,1,1,1,1,1399,1400,1,1,1,4688,1,1,1,1,1,1,1,1,1,1,2281,2202,2623,2156,2624,1291,954,955,407,2753,2756,421,443,2850,4175,468,3072,2832,3077,3071,3108,3103,3105,3036,3030,3292,3299,3259,3262,3251,1,1,1,1,1,1,1,1,1,1,1,1,1,908,915,2563,1263,497,4552,3470,3462,3461,77,1495,4532,3426,3468,4544,1218,1,1,1,1,1,1,1,1,1,1,1,1,1,1,1,1,1,1,1,1,1
1667,1667,1667,1667,1671,1671,1662,1724,1722,1726,1713,1717,4422,4415,4314,4578,1805,1808,1808,1,1,1,1,1,1,1101,4622,4622,4676,509,4681,1,1,1,1483,209,1488,1,1,1,1,1,307,2178,2150,2622,2628,1289,4379,975,2759,7,424,2763,2849,474,3098,3096,3049,3043,3071,3107,472,3103,3081,3030,3314,3320,3261,3251,3253,1,1,1,1,1,1626,3230,3226,3223,1625,1,1,1,1,913,890,890,894,896,4527,4526,4527,3461,3462,3462,4537,3465,825,821,1516,1517,1,1,1,1,1,1,1,1,1,1,1,1,1,1,1,1,1,1,1
1667,1667,1667,1667,1667,1671,1662,1696,1662,1710,4420,4311,4311,4422,4415,4567,1805,1809,1807,1807,1,1,1,1,1,1,4666,4660,1161,4682,1162,4691,1474,166,173,2136,4710,1,1,1,1,1,311,2291,2150,2159,3518,1289,960,976,2759,2767,1605,2851,2852,20,467,3097,3098,3088,3098,3097,3112,3103,3072,3086,3314,3308,3732,3273,3273,1,3254,3263,3249,3235,3245,3283,3288,3281,3224,1636,1,1,1,1,888,2564,3631,897,895,843,706,1175,4350,3425,4538,4539,3466,1214,1203,1521,1,1,1,1,1,1,1,1,1,1,1,1,1,1,1,1,1,1,1
1667,1667,1667,1667,1667,1671,1671,1671,1671,1708,1710,4310,4420,4420,4421,4576,4576,1808,4582,1730,1,1,1,1,1,1,4663,3532,4691,4690,4692,1475,1,1,1,1541,1,1,1,1,1,1532,306,382,2153,2617,2627,2647,3434,976,2758,417,426,2770,441,3113,475,3094,3098,465,3094,3091,3089,3081,463,3085,3075,3304,3308,3272,3272,3270,3249,3252,1634,3238,3290,3285,3283,3279,3384,3747,1,1,1,1,1,884,891,892,720,897,707,703,4540,1176,4543,4541,4541,3469,1216,1522,1,1,1,1,1,1,1,1,1,1,1,1,1,1,1,1,1,1,1
1677,1677,1668,1677,1677,1681,1672,1672,1663,4416,1721,1709,1714,4419,4571,4575,4575,4574,1806,1800,1,1,1,1,1,1,1,1,1,1,1,1,1,1,1,1,1,1,1,1,1,309,312,2287,2619,2152,2629,1292,3436,3435,971,973,2765,2768,2771,3109,3115,3111,3099,3099,3110,3114,464,3073,3076,3084,3312,3318,3319,3305,30,3265,3268,1632,1633,1624,3243,3239,3286,3386,2566,2568,2565,1,1,1,1,863,714,886,719,893,721,704,1187,1185,4542,4542,4542,1213,1212,1,828,1434,1,1,1,1,1,1,1,1,1,1,1,1,1,1,1,1,1
1677,1677,1677,1677,1677,1668,1672,1712,1697,1,1,1725,4418,4418,1725,4312,4309,1803,1,1,1,1,1,1,1,1,1,1,1,1,1,1,1,1,1,1,1,1530,1,2299,2248,305,2271,2618,3959,4157,2748,3433,962,3436,964,977,420,2768,2771,2956,3109,3111,3090,3099,3109,473,3082,469,471,3078,18,3307,3737,3318,3321,3267,3269,1,1,3297,1629,3240,1628,2567,1,1,1,1576,1,1,1,1,1570,1571,713,887,886,1493,752,757,4351,1190,4542,223,4545,1523,1217,813,1433,1,1,1,1,1,1,1,1,1,1,1,1,1,1,1,1
1677,1677,1677,1668,1700,1700,1659,1723,1362,1,1,1,4423,4571,4417,1,1,4570,4572,1,1,1,1,1,1,1,1,1,1,1,1,1,1,1,1,1,1,229,2263,1233,2280,2282,2246,4156,2148,2179,381,2612,2613,4554,963,977,415,442,2769,2965,2960,2958,3074,3087,3106,471,19,3082,466,3079,459,3317,3266,3265,3319,3303,1635,3271,3256,1,1630,1,1,1,1,1,1,1,1,1577,2569,859,863,862,3630,712,712,751,750,759,753,4542,753,222,4546,1204,1524,1109,1108,1432,1,1,1,1,1,1,1,1,1,1,1,1,1,1,1
1677,1677,1677,1668,1695,1695,1687,1687,1,1,1,1,1,1361,1,1,1,1,1,1,1,1,1,1,1,1,1,1,1,1,1,1,1,1,1,1,4713,228,1234,2263,2278,2282,5,3960,2149,2154,2749,957,385,962,965,4556,414,442,2771,2956,2966,2956,425,420,449,2958,3070,3095,3092,3034,3039,3321,3266,3319,3318,3315,1,1,3260,1623,3257,1622,1,1,1,1,1,3632,3,904,901,1568,1567,877,711,883,885,718,702,705,756,758,219,3467,225,225,1209,147,146,4486,665,1105,1,1346,1,1,1,1,1,1,1,1,1,1,1
1677,1677,1677,1668,1695,1695,1687,1,1,1,1,1,1,1,1,1,1,1,1,1,1,1,1,1,1,1,1,1,1,1,1,1,1,1,1,4712,4707,4709,2240,2261,305,2272,2237,2614,2615,2149,2626,1293,958,384,3438,972,412,2757,2765,2769,2965,2958,450,449,2957,4198,3070,3050,3045,3035,3031,3305,3303,3315,3311,3313,3264,1,1,1,1,3247,1621,1,1,994,993,900,901,906,2553,859,858,1565,882,889,889,820,820,748,1186,755,1189,1215,224,1212,3427,220,148,111,3420,4487,3446,1354,1348,1347,1,1,1,1,588,1,1,1,1
1677,1677,1677,1668,1695,1687,1687,1,1,1,1,1,1,1,1,1,1,1,1365,1,1,1,1,1,1,1,1,1,1,1,1,1,1,1,4670,1227,1226,2134,2264,2260,2274,2234,3998,1536,4358,1589,2621,2629,1295,961,3437,971,416,419,2768,2967,2959,2957,2957,450,449,2957,3095,3046,3047,3037,3032,3309,3321,3309,3296,3255,3250,1,1,1,1,1,984,3748,905,903,912,868,911,902,1564,861,1569,854,710,881,715,1210,823,824,749,755,1186,754,1211,1212,221,3421,1110,1095,3418,3460,3413,1039,1357,3412,4307,1,1,1,1,1351,1,1,1
1677,1677,1677,1668,1695,4405,1,1,1,1,1,1,1,1,1,1,1,1,1,1,1,1,1,1,1,1,1,1,1,1,1,1,1,4672,3950,4708,4711,4711,2295,2266,2247,1,1,1,1,1,2616,2620,409,959,1294,970,972,2757,2768,2769,449,451,2959,2958,450,2957,2930,3095,3050,3038,3033,32,3319,3291,3298,3248,3233,3234,1,1,3287,3282,3735,3633,3749,995,868,868,872,873,855,1,1,879,951,881,881,953,820,820,822,755,826,826,1212,1188,1186,1212,1104,3419,4451,4450,3444,3416,3415,3447,98,92,1349,1343,1,1344,589,1035,1
1677,1677,1677,1677,1668,4561,1,1,1,1,1,1,1,1,1,1,1,1,1,1,1,1802,4596,1,1,1,1,1,1,1,1,1469,1,1159,1163,227,227,2138,2294,2241,1540,1,1,1,1,1,1,4158,405,2648,3439,965,971,418,2722,2957,982,2957,2956,2966,2967,2970,2922,3093,3044,3037,3305,3309,3291,3296,3296,477,1627,1,1,1,3387,1311,3388,903,992,1583,875,876,1,856,1565,1,857,874,874,881,881,953,810,820,822,822,822,826,827,815,755,755,664,4449,4485,4449,1360,3443,3407,3442,97,96,95,3410,1352,1,1349,1345,1036
1677,1677,1677,4399,1668,4302,1,1,1,1,1,1,1,1,1,1,1,1,1,1,1,4566,4590,1,1,1,1,1,1,1,1,1,1469,2073,1970,2132,226,2139,2257,2229,1,1,1,1,2151,2180,2625,283,1300,406,963,965,974,2757,2724,2761,449,2967,2962,2919,2918,2921,446,2929,3050,3033,3321,3315,3300,3248,3242,1,1,1,1,1,1,1,3746,903,3745,874,876,872,878,856,1566,855,854,880,951,880,883,881,806,810,822,822,811,749,822,822,741,755,663,633,633,633,4414,4414,3407,4306,3440,3441,1358,3445,3411,1038,1037,1,1
1677,1677,1677,1677,1668,4401,1,1,1,1,1,1,1,1,1,1,1,1,1,1,1794,4565,1405,1,1,1,1,1,1,1,1,1,64,1998,1968,1225,2137,1529,1,1,1,1,1,1,2254,2214,285,271,2750,410,411,1296,971,2760,2771,2762,2963,2963,2964,2964,2919,2930,2969,2920,3050,3040,3309,3319,3291,3295,3736,3244,1627,1,1,3385,1,1,1,907,868,868,870,871,869,991,857,855,1582,854,952,874,883,953,806,806,807,1202,1202,741,822,811,741,675,631,631,632,631,587,1032,4411,4411,3407,3407,3407,3407,3440,3408,3414,1355,91
1668,1668,1677,1677,4404,4559,1,1,1,1,1,1,1,1,1,1,1,1,1,1,1796,1797,1795,1,1,1,1,1,1,1,1473,2133,1158,2050,3873,2135,1,1,1,1,1,1,1,1,2287,285,275,283,968,409,1302,1301,1302,2754,2761,2762,425,2957,2957,2961,2931,2923,454,2929,3041,3044,3029,3321,3303,3293,3295,3289,3243,1,1,1,1,1,1,909,851,849,851,851,851,850,37,849,709,847,773,945,860,806,806,806,779,807,809,739,811,811,662,1393,652,631,631,631,585,582,582,584,87,4411,1704,3440,3440,3440,3440,94,93
1668,1668,1668,1668,1668,4562,1,1,1,1,1,1,1,1,1,1,1,1,1,3752,1798,1799,1097,1,1,1,1,1,1,1,1,172,1997,2000,1999,1,1,1,1,1,1,1535,1,265,264,275,275,2224,2751,405,413,411,966,423,2761,422,2764,2957,2766,2926,2930,2968,2971,2929,3042,3042,3322,3303,3305,3303,3302,3294,3297,1,1,1,1,1,1,1579,1577,1578,1,1575,848,989,846,990,852,1,854,855,855,944,1,1,761,761,1520,779,807,739,740,819,666,651,1394,651,582,1359,582,582,4411,582,4306,3407,3407,3409,3440,3441,86
1668,1668,1668,1668,1695,1,1,1,1,1,1,1,1,1,1,1,1,1,1363,4563,4564,1797,3764,1,1,1,1,1,1,4651,4653,1999,2004,2004,1988,1,1,1,1,1,1,4714,2211,2209,283,249,252,255,409,4171,2716,2755,1301,423,2717,2721,2771,2777,2775,2973,2975,2968,2969,2927,2903,3048,3322,3323,3307,3303,478,3202,3316,3258,1,1,1,1,1,1,1,1,1,1,1,1,1,844,853,1562,1563,944,941,1,1,1,1,1,1,1,777,730,739,613,650,649,649,614,1032,590,582,582,582,1032,1032,582,4411,4411,4413,3441,3404
1668,1668,1695,1695,4562,1,1,1,1,1,1,1,1,1,1,1,1,1,1364,4573,1,1368,4589,1406,1,1,1,1,1,1150,1926,2008,2004,3884,1990,1,1,1,1,1,1539,2253,2211,264,282,247,256,340,2379,4010,342,4011,2395,2396,6,2382,2646,2778,2772,2970,453,2478,2931,2928,2903,2903,3324,33,3322,3303,3177,476,2510,371,2527,1,1,1,1,1,1,1,1,1,1,1,1,1,36,845,708,940,1500,1,1,1,1,1,1,1,1,1515,774,648,649,1391,613,613,582,551,551,551,586,583,582,1032,582,4411,4411,4306,3406
1695,1659,1695,1687,4405,1,1,1,1,1,1,1,1,1,1,1,1,1,1,1,1,1,1,1401,1,1,1,1,4659,149,1900,2007,1987,4507,1157,1,1,1,1527,1,2246,267,263,282,282,242,243,2378,4008,398,2715,2716,2718,1602,2689,2721,2730,2732,2725,2774,452,2975,2904,2914,2905,2915,3187,3178,3183,3187,3185,3204,3203,2510,3306,1,1,1,1,1,1,1,898,899,1574,1,1,1,1,1,1561,1,1,1,1,1,1,1,1,1,1,1,1,768,684,647,1093,1093,1093,649,541,541,1020,1031,582,582,1021,4411,4411,89,4304
1695,1695,1687,1,1,1,1,1,1,1,1,1,1,1,1,1,1,1,1,1,1,1,1395,4595,1099,1,153,4658,4654,1925,3849,2002,1920,1,1,1,1,1,1,79,3984,3986,264,282,3966,246,3973,245,3963,2716,4170,2714,2691,2690,2723,399,2725,2729,2730,2773,2973,2932,2922,4188,2923,2913,3180,3183,3183,3180,3181,3180,3179,2511,3310,1,1,1,1,1,1,1,1,1,1581,1,1,1,1,1,1,1,1,1,1,1,1,1,1,1,1,1,1,1,682,640,640,1088,640,1048,1001,1003,541,541,541,541,541,582,87,88,3404
1659,1687,1,1,1,1,1,1,1,1,1,1,1,1,1,1,1,1,1,1,1,1,1,1,4594,4588,150,154,1,1,1908,1985,1919,1,1,1,1,1,78,2198,2207,2141,273,270,3967,253,253,2377,339,341,1603,2723,2724,2690,2358,2731,2731,2974,2772,2972,2925,2922,2922,2938,2935,2939,3188,3188,3181,3180,3184,3180,3186,2501,1,1,1,1,1,1,1,1,1,1,1,1,1,1,1,1,1,1,1,1,1,1,1,1,1,1,1,1,1,1,1,1,1,1,1,639,999,1002,1019,1019,544,544,541,551,4408,4411,3404
1695,1,1,1,1,1,1,1,1,1,1,1,1,1,1,1,1,1,1,1,1,1,1,1,1,1,3847,4652,1,1,1,4677,1477,1,1,1,1,1,1528,2200,3951,265,2216,277,3973,257,255,4009,341,2381,4172,2718,2723,2731,2697,2731,400,453,427,2977,2938,2938,2934,2940,2934,2933,3192,2502,3188,3191,3192,3185,3186,27,1,1,1,1,1,1,1,1,1,1,1,1,1,1,1,1,1,1,1,1,1,1,1,1514,771,774,772,762,1501,1,1,1,1,1,1,1,514,1000,516,487,488,544,562,551,4409,4412,4305
1695,1,1,1,1,1,1,1,1,1,1,1,1,1,1,1,1,1,1,1,1,1,1,1,1,1,1,1,1,1,1907,1977,1,1,1,1,1,1,2131,2207,232,2216,282,293,255,3971,2168,4007,2380,2383,2343,2690,2388,2728,2387,428,432,2979,455,4192,2976,13,2936,2459,2466,2464,2513,2504,2503,3188,370,3211,4219,4018,3744,4108,1,1,1,1,1,1,1,1,1,1,1,1,1,1,1,1,1518,1,760,767,766,774,776,778,1192,778,781,1144,1,1,1,1,1,1,1332,1004,519,561,553,555,555,490,555,4411,4410
1659,1,1,1,1,1,1,1,1,1,1,1,1,1,1,1,1,1,1,1,1,1,1,1,1,1,1,1,1,1,1909,1470,1,1,1,1,1,1940,262,233,2142,277,282,254,3971,3964,3964,2335,2338,2349,2349,2349,2697,2693,2384,2776,456,1305,445,456,2978,2466,2942,2942,2941,2946,3217,2506,3198,3194,3205,4225,3193,4020,4271,4062,1,1,1,1,4107,3623,1,1,1,1,1,1,1,1,1,1,1,2120,770,767,774,779,808,811,784,1193,783,683,641,1087,1,1,1,1,1,1005,521,522,563,567,553,553,553,4408,550
1692,1,1,1,1,1,1,1,1,1,1,1,1,1,1,1,1,1,1,1,1,1,1,1,1,1,1,1,1,1907,1905,1,1,1,1,1,1,3863,1938,2141,266,282,293,257,3961,2168,2166,2340,2349,2353,2349,3519,2361,2694,2731,2735,431,1305,1298,434,2982,2463,2947,4191,2948,3212,3218,2505,3200,2505,3199,4235,2512,4020,4066,4061,1264,1265,4064,4062,4065,1250,3622,1246,1243,1,3619,3620,1,1,1,1,1519,765,769,775,779,779,812,814,1195,1206,1206,1195,643,642,1089,1818,1384,1,485,1010,574,563,565,567,1342,551,555,553,541
1692,1,1,1,1,1,1,1,1,1,1,1,1,1,1,1,1,1,1,1,1,1,1,1,1,1,1,1,1,1,1,1,1,1,1,1,1941,1961,3556,231,237,271,291,2188,2168,2168,2339,2347,2353,2349,2358,2697,2361,2698,402,4173,4182,457,2981,2983,2941,2461,2946,2460,3212,4050,2506,4025,2507,4032,841,4024,4043,4023,4021,4019,4017,4069,3624,4065,4063,1247,1249,1248,2551,1,1,3542,1,1494,1,1,3552,773,2123,780,783,783,815,816,815,1205,1206,1145,1091,496,110,494,492,493,526,575,575,567,563,567,559,555,4408,4407,548
1685,1,1,1,1,1,1,1,1,1,1,1,1,1,1,1,1,1,1,1,1,1,1,1,1,1,1,1,1,1,1,1476,1,1,1466,1,1955,2025,176,2026,235,277,2224,3969,2166,2168,2173,2347,2351,2361,2358,2358,2360,1549,2363,2737,403,433,2651,360,2980,2462,2954,2952,2523,4238,4033,2509,2505,4022,4027,2508,4031,4046,4105,4073,4083,373,4070,1251,1253,1252,1252,3625,1,1,1,1,3919,3542,1494,1,1,782,782,782,1505,1505,786,1208,1207,818,817,1388,1094,644,496,601,486,525,527,1026,567,572,565,1022,555,555,540,4305,540
1,1,1,1,1,1,1,1,1,1,1,1,1,1,1,1,1,1,1,1,1,1,1,1,1,1,1,1,1,1455,1924,1984,1974,1949,61,3858,2041,2029,231,3955,833,291,293,2190,3978,2164,2347,2347,2344,2358,2358,2355,2364,2700,2367,2703,2738,2465,2479,368,2986,2469,2949,2475,2469,2526,2514,2514,2516,369,4034,1242,4026,4044,4103,4073,4071,374,4081,4081,1256,864,1244,1,1,1,1,3543,3543,3545,3542,1,1,2121,785,1194,786,1506,1,788,1207,1437,1090,645,1091,1094,1817,1386,526,573,567,567,567,1341,555,560,544,543,544,544,545
1,1,1,1,1,1,1,1,1,1,1,1,1,1,1,1,1,1,1,1,1,1,1,1,1,1,1,1,1457,1463,1967,1996,1945,3860,1935,1957,2043,2030,3952,2144,3990,292,3970,3975,3965,2175,2174,2346,2357,2362,2359,2701,2365,2699,2705,2704,2702,2953,447,458,2985,2477,2955,2468,2524,2522,2518,2518,4056,4051,4051,4051,4048,4037,4098,4086,4075,4082,4072,4086,4082,4082,1245,2552,1,3621,3548,3544,3546,3546,3934,1504,1,1,787,793,801,792,791,1197,791,1438,1387,600,603,619,106,495,568,568,568,556,554,556,556,549,542,542,542,546,85
1,1,1,1,1,1,1,1,1,1,1,1,1,1,1,1,1,1,1,1,1,1,1,1,1,1,1,1,4655,1147,1969,1969,1947,1480,155,687,689,2027,3953,276,272,3968,3980,3975,3976,3981,3983,2356,2362,344,2368,2369,2366,2392,2372,2370,2706,365,366,366,366,2476,2467,2470,2522,2518,2517,4051,4049,2515,2525,4047,4045,4101,4080,4072,2557,2557,4085,4086,4075,3628,2555,2555,865,3626,3547,3547,3920,3547,1196,787,1,1,1502,790,1507,789,1509,1197,1106,1092,646,599,599,616,1072,1071,566,568,554,554,554,552,556,557,546,546,546,546,546
1,1,1,1,1,1,1,1,1,1,1,1,1,1,1,1,1,1,1,1,1,1,1,1,4664,1407,4656,4657,1151,4650,63,164,1944,1952,3867,3868,3903,185,2146,272,286,3970,295,294,297,296,300,352,2398,345,2400,2399,2393,2740,2371,2373,2744,367,364,2480,3570,2473,2474,2515,2515,2515,4051,2519,2520,2519,2521,4054,4042,4042,4028,4075,4075,4075,4074,4082,4082,4072,4075,1258,1262,3629,3549,3549,3547,1177,1178,1196,1,1,1,790,792,800,1197,661,1107,1060,1056,1053,616,1073,1074,615,1024,1025,552,554,552,1340,557,491,491,546,1353,546,546
1,1,1,1,1,1,1,1,1,1,1,1,1,1,1,1,1,1,1,1,1,1,1,4661,1,1,1916,1152,1149,152,3841,1971,1947,1958,1956,3871,2037,2044,2218,284,279,3994,3995,3996,298,299,2226,327,351,334,329,336,2403,2391,2394,2394,363,337,2323,3567,2471,2473,2472,4016,4015,4053,4052,4052,4052,4052,4053,4054,4030,4078,4101,4106,4104,4106,4084,4079,4084,4075,867,1261,1262,3922,3554,3921,3549,3553,3936,805,1,1,1,763,1197,1197,1508,1198,1511,1057,1059,1057,599,616,616,1392,564,571,569,558,558,1356,520,1350,557,557,1336,546,4303
1686,1329,1329,1657,4400,4558,1,1,1,1,1,1,1,1,1,1,1,1,1,1,1,1,1,1,4662,1403,1153,53,1903,3510,1943,1947,1943,1950,159,2046,3905,3906,835,834,3993,2225,3979,3980,2194,2195,3997,839,2314,331,330,336,361,2389,2390,362,337,1241,3567,3572,2471,3571,2472,2521,2521,2519,4053,2519,2519,4054,2519,4041,4042,4099,4101,4097,4106,4106,4098,4096,4074,1254,4072,4087,4091,4088,3923,3549,3549,1,1,764,1,1,1,1,3935,802,1198,1,1198,1112,1439,1390,1,616,1074,617,570,570,569,569,557,520,1337,520,1337,1007,557,547,547
1657,1657,1657,1657,1665,4402,1815,1,1,1,1,1,1,1,1,1,1,1,1,1,1,1397,1,4591,4657,1408,1149,151,2011,1980,1994,157,1992,1981,171,1959,186,177,3987,2215,3994,288,2193,2171,2174,258,301,356,840,358,2314,2319,2321,346,2402,338,389,3563,3568,3710,2951,3571,2951,2472,4055,4052,2520,4053,4035,4055,4052,4039,4042,4042,4100,4101,4101,4100,4101,4101,1259,4095,4072,4087,1257,4087,4078,3627,3550,1199,1200,803,3937,797,1,2122,3933,795,1182,1198,1510,668,1112,1440,1124,676,618,1075,618,524,1338,1008,1,520,520,1006,1,520,1023,3405,546
1657,1657,1657,1657,1665,1674,4585,1815,1,1,1,1,1,1,1,1,1,1,1,1,1402,112,1098,39,58,1,1901,3507,1912,3846,1979,1,1464,3877,3882,2045,190,2032,3989,3991,2220,3992,2170,2163,2174,2140,4003,2397,1239,359,2305,2306,2306,2320,2318,390,967,3677,3679,2951,2950,2984,981,3220,3220,4240,4240,842,3201,4036,4029,4038,4042,4042,4101,4100,4101,2561,4101,4100,4100,4102,4102,4082,4090,2559,4078,4076,1179,1201,3938,804,2125,796,1,2124,798,727,729,1181,1180,1112,1126,1443,620,1075,618,1076,1076,1051,1008,1008,523,1006,520,1006,1,520,557,1339,4303
1655,1657,1657,1657,1665,1665,1755,4585,1,1,1,1,1,1,1,1,1,1,1,1,1,1825,1146,1928,1929,1,1932,1462,1973,1979,1,1,3876,1981,165,189,186,1168,3956,2143,3994,2187,2170,2170,2174,3982,4013,2311,325,2312,2313,2314,2322,335,387,1297,3642,3679,2745,448,2951,2984,2951,3728,3221,3219,3220,4239,4222,3197,4220,4236,4040,4040,4101,2562,4093,2562,4099,4101,4077,4079,4096,4078,2558,4089,4078,4077,1255,950,4155,949,949,4154,1,794,732,1503,1,1,1111,1111,677,1128,1127,1125,618,618,618,603,597,1052,597,1051,520,1,1334,520,546,489,546
1657,1657,1657,1657,1665,1665,1755,4585,4560,1,1,1,1,1,1,1,1,1,1,1,1,1825,56,57,1915,1,1921,1,1465,1,1,4671,4675,1479,3866,162,1166,1167,278,274,287,2189,2170,2167,2174,2196,2304,355,326,2315,2316,2312,335,386,3641,2650,3678,3673,2745,2746,2951,2951,2951,3219,3221,3214,4236,4222,4221,4220,4220,4221,3216,4237,4237,2560,4279,4094,4099,4100,4079,4079,4076,4078,4078,4078,1255,4077,866,947,948,946,799,735,942,726,1,1,1,1,667,1111,1127,1127,1444,1075,1392,602,602,1054,1052,598,597,595,512,1,1,518,546,546,546
1657,1657,1657,1665,1665,1752,1752,1755,4560,1,1,1,1,1,1,1,1,1,1,1827,1827,1,1,1914,1,1823,1917,54,1,1,1,1471,1,1,3862,1962,1165,1167,2219,2212,288,3992,2165,2169,2175,2175,2385,349,328,2312,331,334,2317,388,2652,3676,3671,3672,2739,2951,2944,2944,2944,2945,2944,2943,3215,3213,983,3195,4220,4220,3196,3207,3383,2560,4092,4092,4094,4078,2556,4076,4100,4101,1260,4078,4078,866,4068,948,948,4111,921,921,726,1,1,1,1,1191,667,669,1114,677,1078,1077,1,1054,1054,1055,597,593,1,1,1,1,1333,517,539,539,539
1657,1657,1657,1660,1669,1711,1669,1669,1380,1,1,1,1,1,1,1,1,1,1367,1,1,1,1,1,1,4547,1409,1404,1,1398,1,1,1472,1,1,158,185,185,2038,2219,836,3991,2161,2170,2175,2345,3566,357,351,332,333,4006,1240,2401,3675,2741,2743,2742,2739,3709,2944,2943,2944,3215,29,3214,3215,3214,4236,3195,4221,4214,4272,3377,3381,3383,3382,4279,4094,2554,4067,4094,4101,4101,4078,4078,1572,4077,4068,948,2570,918,922,922,3926,726,1,1,1,732,667,1113,1113,1113,1113,1059,604,602,1054,1054,1,1,1044,1,1,1,1,515,538,539,539
1657,1657,1657,1660,1669,1752,1752,1749,1,1,1,1,1,1,1,1,1,1826,1,1,1,1,1,1,1446,1,1450,1,1,1,1,1,1,1,1,1982,2042,3985,2181,2215,2221,3992,2162,2170,2172,2348,2350,2386,350,354,1238,429,3674,2779,3670,2736,2701,3669,3667,2734,3708,4189,2937,4190,980,4189,3209,3209,4226,4216,3189,4214,4213,3190,3378,484,3383,4279,4279,4277,4279,4094,4094,4068,4068,4076,4077,4067,4068,1287,943,921,921,922,733,728,3925,3925,3925,732,677,1127,1115,1441,671,669,1389,1389,1389,1051,1,1,1,1,1,1,1,515,539,539,539
1657,1657,1660,1660,1669,1669,1752,1,1,1,1,1,1,1,1,1,1,3755,1,1,1,1,1,1447,1,1,1,1,1,1,1453,1,1,1,1,3881,2046,2208,2181,2183,2223,3992,3972,3977,2337,2352,2352,3565,343,4012,353,430,2733,401,3665,2696,3654,2727,2727,3668,3708,3708,4189,4231,1310,3209,3208,4229,3206,4216,3189,4212,4274,4273,3379,3381,3382,3383,4279,4279,4279,4279,4094,4094,4094,4060,4060,4058,4058,2574,4111,4111,919,920,731,3924,3927,3551,1180,1113,1114,1114,1441,1436,671,1113,602,603,1054,1045,1,1,1049,1383,1,1,1,517,546,546,539
1657,1657,1657,1660,1669,1669,1749,1,1,1,1,1,1,1,1,1,1,1,1,1,1,1,1458,1,1,1449,1,1,1,1,1,1,1,1,1,1983,188,181,2160,2158,2183,287,3992,3974,2191,3515,2325,2346,2354,2354,3652,3653,3661,3666,3666,2695,3655,2726,3663,3664,3707,3707,3706,2924,2924,2937,4227,4227,3189,4216,4216,4212,4215,4215,4217,4272,4278,4279,3380,4279,4279,4277,4094,4094,4060,4060,4059,4060,4060,4111,4111,4111,4110,921,919,2107,732,734,736,670,3820,3820,1,1,1,669,618,618,1055,1045,1,596,1050,1,1,1,1,518,546,3402,3402
1657,1657,1657,1657,1665,1669,1749,1,1,1,1,1,1,1,1,1,1,3755,1,1,1,1,1,1458,1,1,1,1,1,1,1,1,1,1,1972,3856,3902,2035,2160,2184,2183,2183,2189,2186,2192,2165,2325,2324,2326,3564,2692,3652,3662,3661,3653,3658,3659,2720,2719,3664,3707,3706,3707,3707,2924,2924,1309,4216,3189,4216,4214,4216,4273,4217,4274,4279,4278,4276,4276,4276,4279,4279,4278,4252,4060,4059,4059,1573,1573,4138,933,4138,4137,930,930,930,742,743,743,3821,3820,1,1,1113,1114,677,621,618,1076,1051,1,598,1052,1,1,1,1,1,4406,3403,3402
1657,1657,1657,1665,1665,1665,1747,1,1,1,1,1,1,1,1,1,1,1814,1,1,1,1435,1,1456,1,1,1,1,1,1,4673,4678,4674,1471,1,3901,2034,2034,2177,2183,2182,2160,3962,2185,2375,2375,2341,2336,2342,2688,2688,2685,3657,3649,3649,3660,2719,1601,3659,3660,1299,3707,3706,3706,3706,3707,4211,1308,4214,4214,4214,4212,28,4215,4278,4278,4276,4276,4276,4276,4279,4254,4254,4254,4060,4060,4060,4059,4060,4136,4138,4138,4138,931,933,931,3928,2114,743,3825,3820,3483,1113,1113,678,677,621,1076,1055,1054,602,597,598,1,1,597,1009,1,1,1,1
1657,1657,1665,1665,1665,1665,1747,1,1,1,1,1,1,1,1,1,1,1810,1,1,1,1,1,1,1,1448,1,3845,1910,1,1,1478,1942,1978,1,2057,2058,2034,2177,250,240,2158,241,2182,2189,2327,2334,2333,2374,393,1599,2679,2680,2685,2685,3649,3649,2719,3659,3659,3704,3705,3706,3706,2924,3702,3701,4211,4216,4216,4212,4214,4217,4230,4232,4279,4279,4278,4275,4250,4253,4253,4254,1318,4254,4254,4060,4060,4138,4136,932,933,932,933,2575,931,743,2114,743,1132,1116,1128,1129,1128,1114,1113,621,622,603,602,1055,603,602,1385,1385,598,523,1009,1335,1,1
1657,1657,1665,1665,1665,1665,1657,1,1,1,1,1,1,1,1,1,1,3757,1,1,1,1,1,1,1,1452,1,1910,1454,1471,1978,1942,160,3857,1485,1,2058,2036,2036,251,1,1,1,1,2157,2328,2330,2327,4360,2331,3645,4164,2680,3647,3647,2684,2684,3648,3651,3651,3705,3692,3692,3696,2878,1620,4186,4210,4214,4218,4212,4214,4217,3210,4232,4279,4279,4254,4252,4254,4254,4254,4253,4254,4254,3360,4060,988,4138,4136,4138,4140,2601,926,2582,925,744,3929,3823,3822,3826,1132,1130,1130,678,1113,1077,605,1058,603,1054,602,602,594,603,602,530,528,1008,998,1
1657,1665,1665,1665,1665,1693,1,1,1,1,1,1,1,1,1,1,1,1813,1,1,1,1,1,1,1,1,1,3842,3843,1911,1896,1156,1951,156,1975,1,1,2034,180,1,1,1,1,1,1,1,1,1,1,392,3644,1,2673,4166,4167,3646,3648,3648,3648,3648,3640,3692,3693,3693,3688,1619,4186,4211,4211,4216,4218,4214,4228,4230,4230,4254,4253,4254,4253,4254,4254,4254,3359,4254,4252,4254,988,4258,4140,4140,936,936,4139,937,4114,4114,3929,4141,3939,1116,1132,1130,1130,1131,1117,1113,1058,1058,1059,604,1058,604,602,602,603,602,528,84,530,513,1
1657,1665,1665,1665,1665,1693,1,1,1,1,1,1,1,1,1,1,1,1,1,1,1,1,1,3851,1,3845,1918,1922,1922,3878,3880,1951,1951,1939,2058,1,1,2034,1,1,1,1,1,1,1,1,1,1,1,1,1,1,1596,3643,2673,2678,2679,3646,3648,3636,2886,3692,3693,4180,1618,3701,3701,4211,4223,4218,4212,4227,3210,4232,4215,4202,4254,4253,4254,4254,479,480,4254,4254,1321,4259,996,4242,2583,936,4140,3486,2603,939,4122,4114,4116,2602,4115,1118,1131,1130,1116,1118,1116,672,1116,1059,1058,605,1058,1046,1058,1058,604,1059,530,1013,1011,528,523
1665,1665,1665,1665,1665,1657,1686,1,1,1,1,1,1,1,1,1,1,1,1,3853,1459,1,1,1460,4665,1918,1930,1942,1155,1942,1951,3861,1951,161,1487,1,1,2052,1,1,1,1,1,1,1,1,1,1,1,1,1,1,1,1,1,2659,4380,2679,3635,2645,3639,3689,3692,3684,1,2906,3701,3727,4223,4229,4216,3206,3210,4230,4217,4241,4255,4254,4254,4254,3359,479,4259,4259,4259,4259,4258,4243,4283,4285,4147,2608,2608,4147,4122,3487,2590,4123,3940,3941,3484,673,1130,1131,1131,1132,1116,1131,1061,1062,1047,607,1059,1058,1058,605,532,1011,1011,528,523
1669,1665,1665,1665,1665,1665,1366,1,1,1,1,1,1,1,1,1,1,1,1,1,1,1451,1,1,1,1930,1148,1896,1896,3861,3837,1951,1960,1960,3904,2072,1486,2059,1,1,1,1,1,1,1,1,1,1,1,1,1,1,1,1,1,1,2673,3635,2633,2637,3639,3689,3693,3698,1617,2907,3701,3182,4224,3209,3209,4231,4201,3166,4201,4252,4252,4254,4254,4259,3364,3363,3363,4259,4259,4265,4296,997,4284,4285,3391,4124,4147,1273,3487,4146,4145,4125,4123,1220,1221,1137,1136,1135,1131,1131,1131,1130,1061,608,1061,607,1061,1062,1058,1058,532,528,1011,528,1011
1669,1669,1665,1665,1665,1665,1693,1,1,1,1,1,1,1,1,1,1,1,1,1,1,1,3850,1,1931,52,1902,1897,3859,3864,1953,2040,1963,3869,187,2047,182,197,1,1,1,1,1,1,1,1,1,1,1,1,1,1,1,1,1,1597,2676,2663,2634,2638,3637,2887,3694,3699,2901,2879,2911,3703,4187,4233,4233,4203,3171,3171,4205,4208,4263,4260,3367,481,3369,3367,3367,3373,4266,3371,4266,4266,4295,4283,4285,4147,4124,3487,3487,4147,1284,4125,2590,3943,3829,3829,1136,1135,1136,1136,1136,1119,1065,1066,1066,608,608,1061,1058,1058,1014,534,528,1013,1011
1688,1688,1660,1665,1665,1665,1330,1,1,1,1,1,1,1,1,1,1,1,1,1,1,1,1,1,1931,1902,1897,3835,3835,3864,3864,3869,3869,1963,163,1965,191,197,196,1,1,1,1,1,1,1,1,1,1,1,1,1,1,1,1,4161,2661,2682,2636,2640,2638,2887,2890,3686,3144,2883,2880,2910,2908,4233,4233,3167,4206,3173,4207,4208,4263,3369,3369,3366,3366,3373,3375,482,4268,4268,35,4268,4297,4297,4299,4151,4126,4132,4132,4151,4148,4134,4128,3945,3947,1140,1138,3828,1120,1119,1119,1120,1120,1065,1066,624,608,1061,1062,605,1014,1014,1014,530,528
1684,1684,1684,1666,1666,1666,1,1,1,1,1,1,1,1,1,1,1,1,1,1,1,1,1,1,60,3836,3836,1898,1946,4505,3536,2028,1964,3870,2048,3907,3540,3907,303,1,1,1,1,1,1,1,1,1,1,1,1,1,1,1,1,4162,4555,4168,2635,2639,3638,2873,2876,2876,3687,2882,2882,2882,2912,4234,4204,3170,3175,3176,3176,3176,3370,4261,3365,3376,3374,3376,3376,483,4269,4269,34,4267,3400,1328,4152,4130,4133,4130,4133,4152,3932,4129,2593,2129,3944,1142,1143,1139,1121,1121,1139,1121,1067,1068,1068,628,1064,1063,610,606,533,1015,533,1012,529
1684,1684,1684,1661,1666,1658,1377,1,1,1,1,1,1,1,1,1,1,1,1,1,1,1,1,59,3840,4336,4336,4336,1946,3865,3854,4341,3855,1964,1966,2048,2049,1171,280,1,1,1,1,1,1,1,1,1,1,1,1,1,1,2655,1,2656,4163,1600,2683,2687,2641,2873,2876,3685,2876,2876,2909,2893,2893,3163,3168,3168,3175,26,3176,3175,4209,4262,3376,3376,3376,3372,4270,4270,3374,4269,4248,4269,4301,3401,4287,4286,2592,4133,2594,4133,4153,4149,4150,2128,1223,1223,1141,1121,1121,1141,1141,1139,1121,1442,1070,628,1064,1063,626,610,535,1028,577,576,531
1654,1654,1654,1656,1658,1658,1,1,1,1,1,1,1,1,1,1,1,1,1,1,1,1,1,1154,3529,4492,3503,1895,1481,4503,3534,3512,1937,1966,1966,2145,3539,3557,280,248,1,1,1,1,1,1,1,1,1,1,1,1,4159,4165,2658,4160,2662,2664,2683,3650,2639,2873,2876,2876,2876,2875,2893,2894,2893,3163,3170,3168,3176,3175,3176,3176,3176,3175,4264,3370,3376,3374,3374,4270,4269,4267,4248,4247,4300,3401,4288,4133,4133,4127,4130,2594,38,4153,4153,3830,1141,1141,1141,1123,1122,1142,1139,1068,1067,1067,1067,1081,612,1079,580,537,578,578,536,578,578
1661,1661,1654,1750,1750,1748,1,1,1,1,1,1,1,1,1,1,1,1,1,1,1,1,1,1,55,3529,1898,1946,3833,3528,4494,3855,3855,3872,3949,3555,4519,2147,289,280,3988,1531,1,1,1,1,1,1,1,1,1,2668,2670,2672,2658,1592,2662,2664,2683,2683,1595,1608,1608,2902,3687,2891,2893,2893,12,2893,25,3168,3175,3175,3175,3176,3175,3176,4209,3370,3370,3368,3374,3376,4249,4247,4247,1314,3392,3394,4287,3393,4133,3488,4152,4298,4153,4153,4153,4150,1224,3946,1223,1121,1122,1141,1141,1121,674,1122,628,1081,611,626,1064,1063,580,578,1016,578,1028
1670,1661,1750,1750,1750,1748,1,1,1,1,1,1,1,1,1,1,1,1,1,1,1,1,1,1,1,1,1923,3836,3533,3534,4341,1482,4343,4353,2130,4550,2033,3958,2147,236,280,280,1,1,1,1,1,1,1,1,1,4169,2708,2672,2658,1592,2662,2662,2683,2683,2686,2899,2899,2876,2902,2891,2893,2882,1303,2894,1304,3168,3169,3175,3175,3176,3176,4209,3176,3370,3370,3370,4264,4270,4247,1639,4247,4247,4287,4286,4287,3393,4133,2594,4133,4152,4153,4153,4153,3944,1224,1223,1222,1142,1121,1122,1141,1141,674,1122,1082,1081,628,626,1063,609,579,1027,577,578,1028
1670,1753,1750,1750,1750,1750,1,1,1,1,1,1,1,1,1,1,1,1,1,1,1,1,1,1,1,1,1923,3505,1936,1936,1937,4341,1964,2130,2130,2145,2033,4357,2147,3557,2213,2213,280,1,1,1,1,1,1,1,1,1,2747,2709,2657,1,1,2662,2660,2683,2683,2899,2898,2899,3700,2891,2891,2882,2882,2893,2893,3170,3172,3169,3176,3176,3176,3176,3174,3370,3370,3370,3348,3349,4244,4244,4244,4246,4293,4282,4287,4127,2594,2591,4133,4133,4135,2610,1286,1223,1223,1223,1142,1141,1142,1122,1141,1123,1121,1121,1141,1082,627,1080,1080,625,625,625,625,1028,1028
1670,1670,1670,1661,1661,1661,4584,1,1,1,1,1,1,1,1,1,1,1,1,1,1,1,1,1,1,1,1096,3525,1100,40,3524,3527,4326,4327,1875,1875,2,2033,70,2033,2033,3899,192,1,1,1,1,1,1,1,1,1,1,2670,1591,1,1,1,1,2677,2712,2916,2899,9,978,2891,2891,2882,2882,2882,2881,3163,3169,3169,3169,3169,3153,3154,3176,3370,3370,4246,3349,3370,986,4244,4246,4245,4282,4282,4281,4120,2586,2594,1,4127,4131,1277,4153,2609,1222,1223,3832,3831,1142,1122,1121,1121,3481,1122,1141,628,1081,1081,1080,1079,626,626,626,1029,1029
1670,1670,1670,1670,1750,1750,4584,1816,1,1,1,1,1,1,1,1,1,1,1,1,1,1,1,1,1,1,1898,4336,4340,4337,4493,4343,4343,4353,4356,4356,4347,4357,4357,3513,3958,2145,80,268,1,1,1,1,1,1,1,1,1,1,2670,1,1,1,1,2677,2681,2884,979,1609,2888,10,2876,2876,2882,2893,2893,3163,3164,3169,3152,3152,1307,3172,3172,3346,1320,3368,3368,3368,4262,4246,4246,4244,1322,4281,4281,3750,1586,2592,2594,1278,1279,4131,2595,1286,1286,1223,1222,1142,1142,1122,1121,1143,1139,1121,1121,1067,1067,627,1079,1079,626,1080,1080,1079,580
1670,1670,1670,1753,1750,1750,1745,3494,3500,1,1,1,1,1,1,1,1,1,1,1,1,1,1,1,1,3509,3505,4337,4337,3530,4338,4343,4506,1,1526,4352,4347,4357,2222,4359,3557,2147,2213,280,1,1,1,1,1,1,1,1,1,1,2653,1590,1,1,1,1,2675,2681,2884,2917,2888,3695,2876,2891,2891,2893,2893,3726,3164,3165,3152,3152,3169,3169,3169,3361,3361,3361,3361,3361,3370,4246,4246,1313,1322,1323,4282,2584,2586,4133,1285,1276,1279,1275,1277,1279,1286,1223,1223,681,1141,1122,1142,1139,1139,1139,1081,1069,1068,1068,1063,609,609,610,580,1029,580
1670,1661,1750,1753,1753,1750,4318,3494,3496,1,1,1,1,1,1,1,1,1,1,1,1,1,1,1,1,4495,3833,3506,4337,4337,4493,4343,4506,1489,2048,4356,4335,4359,2222,2222,3557,3514,3988,2213,1533,1,1,1,1,1,1,1,1,1,1,1594,1,1,1,1,1,2681,2896,2888,3690,2888,11,3687,2891,2876,2882,24,3164,3151,3151,3151,3164,3164,3169,3361,3346,1319,3346,3346,1312,1312,985,4262,4294,3399,1327,4120,3634,4118,1274,2594,1275,1275,2593,1279,1286,2129,681,681,679,679,680,1141,1141,1142,681,611,1067,1067,609,609,1063,625,625,1080,1018
1661,1746,4587,1750,1750,1750,3495,3494,3494,3496,1,1,1,1,1,1,1,1,1,1,1379,51,1,1,1,55,3505,3834,4337,4493,4493,4504,4341,4342,2031,2031,4335,4347,2033,2049,73,2222,2213,347,1,1,1,1,1,1,1,1,1,1,1,2665,1,1,1,2658,1,1,2897,2900,2888,2888,4181,2876,2876,2891,2877,3149,3151,3722,3164,3151,3162,3164,3164,3358,3357,3358,3362,3361,3361,3346,3347,4256,1326,4294,3399,4144,1269,4120,4133,1278,1279,2595,1275,1279,1286,1223,831,680,679,679,679,679,680,1141,1141,1083,611,1067,1063,1079,1079,1079,625,609,1063
3491,3492,4320,1750,1750,1381,3497,3494,3494,3500,1,1,1,1,1,1,1,1,1,1,1,1927,3848,1,1,1,3529,3834,4337,4337,3528,4504,4341,4342,4346,4346,1875,2033,4347,2049,3908,2033,2213,2255,1,1,1,1,1,1,1,1,1,1,2667,2666,2654,391,1592,2658,1593,1,3697,2899,2888,2888,2888,9,2877,2892,2892,3721,3160,3164,3164,3150,3150,3151,3164,3357,3357,3358,3358,987,3361,3361,4257,4256,1325,3398,4294,4144,2588,1270,1270,1272,1279,1275,1279,1279,1279,1223,1142,679,679,680,680,679,679,1121,1139,627,627,611,612,1063,625,1080,1079,1063,625
1670,1750,1750,1753,1753,1753,1750,3495,3494,1396,1,1,1,1,1,1,1,1,1,1,1,3814,3815,1,1,1,1461,1899,4337,4493,4337,3535,4341,4341,4346,4346,4334,4347,70,2049,2049,2049,2048,2408,1,1,1,1,1,1,1,1,1,1,394,2669,2655,2657,2658,2660,2677,2683,2895,2900,2888,2888,3691,2874,2874,2877,2877,3147,3161,3160,4200,3148,3148,3151,3150,3358,3357,3357,3358,3358,3357,3356,3361,3362,4291,3398,4292,2606,4121,1588,1272,1272,2585,2587,928,1277,928,2126,1223,1139,1141,680,680,680,679,679,680,628,627,1081,611,609,625,1080,625,609,1079
1670,1753,1757,1757,1757,1753,1750,4319,1745,1772,1,1,1,1,1,1,1,1,1,1,1,1,3818,3852,1,1,1,1,3838,1899,3528,4340,4341,4345,4346,4346,4334,2031,4347,2049,2049,2049,192,2060,1,1,1,1,1,1,1,1,1,1,395,2707,2657,2658,2658,2677,2677,2683,2896,2897,4179,2874,3691,2874,2874,2874,2874,3145,3161,3161,3146,3148,3740,3344,3725,3353,3357,3357,3357,3358,3358,3357,3358,3362,3397,3398,2599,2578,2586,2586,4117,1270,2585,2587,2587,2587,928,3942,3824,1139,1139,1141,1141,1139,1139,1139,679,1081,629,628,1081,1079,1080,625,1080,1079,1063
1678,1757,1757,1757,1753,1750,1750,1750,1746,1745,1,1,1,1,1,1,1,1,1,1,1,1,1,1,1,1,1,1,1445,1906,1954,3534,3504,4341,3537,4346,1102,69,69,4347,2049,193,1171,218,1,1,1,1,1,1,1,1,1,1,3656,2670,2657,2671,2677,2677,2683,4168,4185,4183,2870,2873,2873,2874,2874,2874,2889,3155,3158,3148,4398,3148,3344,3160,3159,3352,3353,3357,3358,3358,3358,3358,3358,3358,3398,4280,3390,1267,2580,2588,1269,1272,4119,2605,2587,1271,4143,3942,3942,1142,1139,1142,1142,1139,1139,679,679,627,628,1082,611,1082,625,625,1080,1080,1063
1678,1738,1757,1753,1381,1,1753,1753,1753,1750,1,1,1,1,1,1,1,1,1,1,1,1,1,1,1,1,1,1,1445,1904,4649,3838,3535,3535,4341,4345,3806,4346,4346,4346,2031,2049,2048,218,1,1,1,1,1,1,1,1,1,1,396,397,2671,2671,2675,2677,4168,2683,2897,4185,2872,2871,2872,4385,2874,2889,2874,3142,3720,3143,3739,3719,3740,3353,3160,3743,3353,3353,3354,3358,3357,1317,3355,1317,3396,3390,1325,1281,2597,2578,2586,4118,1271,2605,2604,2589,2605,2127,2127,1134,1222,681,1142,1139,1139,1139,679,627,627,1081,1067,1068,625,626,626,1064,609
1678,1757,1763,1,1762,1753,1757,1738,1757,1750,1377,1,1,1,1,1,1,1,1,1,1,1,1,1,1,1,1,1,1,3844,1976,1995,1936,3537,4345,4345,4334,4346,4346,4346,69,3539,1171,217,1,1,1,1,1,1,1,1,1,261,1288,404,2672,2674,2675,2677,2683,2683,4185,2897,2872,2872,2872,2872,2872,2872,2869,3157,3143,3140,3343,3158,3724,3156,3156,3160,3353,3353,3353,3354,3357,4251,4251,1317,3396,4289,3397,2599,2599,2599,923,4112,2605,2607,2605,2587,2117,1891,1892,2127,1133,1141,1139,1139,1142,1081,627,1081,1083,1081,1081,627,625,625,1018,1017,577
1678,1763,1,1,1759,1757,1738,1738,1757,1753,1750,1,1,1,1,1,1,1,1,1,1,1,1,1,1,1,1,1,3508,1,3508,3506,1936,3535,68,4345,4333,4346,4346,3538,4346,3538,3899,192,1,1,1,1,1,1,1,1,1,1228,319,383,2643,2675,2677,2677,2683,2683,2897,1306,2872,2872,1,2871,2869,3683,2872,2885,3156,3141,3158,3723,3742,3351,3156,3156,3351,1316,3353,3354,3353,1317,3358,3396,3396,1324,3398,2599,2580,2599,2578,2580,2579,938,929,927,928,2127,2127,1892,1219,1142,1142,1141,1139,1141,1142,1121,1069,1083,1082,627,1081,625,625,625,623
1701,1378,1761,1757,1740,1740,1738,1738,1753,1774,1753,4445,1,1,1,1,1,1,1,1,1,1,1,1,1,1913,1923,1824,3508,3498,3760,3834,3854,3511,4345,4345,4333,4345,4346,4346,4346,4346,3539,1169,1,1,1,1,1,1,1,1,2176,230,3561,321,2642,2711,2710,2713,2683,2683,2897,2897,2872,2872,2872,1606,1606,1606,2872,3139,3138,4395,3742,3158,3351,3351,3724,3158,3350,3739,1316,3354,3354,1315,3358,4290,3395,3396,2596,2580,1587,2580,2580,2580,2581,2581,2579,2577,924,830,3942,1892,3827,1142,1142,1142,1142,1142,1139,1139,1067,1083,1083,627,1081,1079,1079,626,623
1689,1,1678,1649,1652,1652,1652,1649,1649,1738,4447,4403,3758,3758,3758,3751,3756,3819,1811,3753,3839,3523,3754,3762,3526,3499,3763,4454,1822,3761,4455,1821,1819,4325,4333,3805,4316,4333,3899,4346,69,4346,69,3899,1171,1,1,1,1,1,1,1,230,3954,4004,320,2307,2309,2376,2712,2683,2683,2897,1607,2869,2872,2872,4383,2869,4383,4383,2872,4395,4391,4391,4395,3143,3724,3724,3143,3342,3341,3741,3354,1316,1316,3358,2550,1280,3396,2572,2578,2578,2576,2578,2599,2600,2600,4113,934,4142,746,747,1184,1134,1142,1142,1142,1142,1139,1142,1141,3759,627,1083,1081,1081,626,625,626,634
1,1765,1738,1738,1740,1740,1740,1740,1740,4459,4442,4446,3758,4501,4490,3819,3818,3819,3816,4488,3531,4339,4489,1889,3817,3812,4495,4454,4454,1821,3760,3760,1819,1830,4332,4482,1874,4333,4345,4518,4346,4346,69,3538,1169,1,1,1,1,1,1,1,234,3957,321,323,2309,2649,2649,2713,2713,2683,2683,2895,2869,2872,2872,4383,4383,4383,4383,3136,1631,4392,4395,3138,4393,4395,4397,3720,3739,3340,3341,1316,3353,3354,2548,3389,1266,1,2573,2578,1268,2580,2580,1267,2600,935,934,2115,745,747,747,747,3832,1142,1142,1142,1141,1142,1142,1142,1082,1081,1082,629,1083,626,626,635,107
1331,1765,1757,1757,1759,1759,1740,1740,1740,1740,1736,1754,1751,1,3819,3816,1888,3816,1889,1889,3813,4489,4489,4497,4498,4495,4454,4453,4454,4455,4455,1821,4452,1830,1873,4332,4333,4333,1425,2031,3422,69,4349,3899,2031,1484,1,1,1,1,1,1,281,3429,322,322,2308,2309,2309,2644,2303,2683,2683,4184,4178,4383,4178,4383,4383,4384,2868,2867,4381,3137,4389,4394,4389,4390,4396,3718,3739,3739,3739,3345,3344,3345,2546,2571,1640,2571,2572,2578,1268,2599,2599,2580,2579,2579,1282,4143,2118,747,3931,1184,3832,3831,1141,1142,1142,1142,1142,1142,1067,1081,1082,1083,630,635,108,636,625
1,1,1,1,1,1759,1740,1740,1740,4442,4442,4444,4444,4465,1811,4490,4444,1812,4491,4491,4463,4489,4489,1789,4457,4457,4454,4454,4454,4454,1821,4455,3760,4467,4467,1873,4333,4333,4333,68,4346,4346,3899,4346,3899,2031,1,1,1,1,1,1,290,3430,3558,4005,1237,2310,2310,2309,2303,2376,2329,4014,4367,4367,4367,4383,4365,4382,3521,2458,4386,4387,4388,4394,4395,4395,4391,3720,2545,3617,4377,3615,83,2547,83,2572,2573,2572,2573,2571,2578,1283,2599,1268,2109,1512,2113,2113,2111,2112,3931,3930,2119,3948,1083,1142,3482,3480,1081,3759,627,1082,109,637,1034,90,1033,1029,579
1,1,1762,1763,1759,1740,4442,4442,4442,1740,1743,1743,1743,4490,4490,1744,4491,1887,4489,1788,1744,1786,4489,4497,1787,4439,4454,4454,4453,4453,4454,3760,1821,4452,1830,1873,3804,4333,4333,4333,48,3899,4346,3899,4347,3423,178,2048,1,1,302,244,238,239,1791,838,324,2310,2303,2376,2376,2376,2329,4369,4367,4368,4365,4366,4365,4364,4361,2457,4370,4371,1554,4394,4373,4374,4373,3601,4377,3617,4377,4377,2547,2548,2548,4378,2549,2572,2572,2572,2599,1283,2597,2599,2600,2109,2110,2113,2113,737,745,2118,1890,1893,1894,1142,3481,1139,1139,1082,1083,1086,1085,637,637,629,1079,625,1063
1,1,1762,1757,1740,4438,4438,1740,4442,1740,1743,4444,4444,4462,4490,1744,4491,1735,1786,1786,1735,1786,4489,4489,4439,4439,4457,4454,4453,4321,4453,1820,653,4455,1830,3765,1873,1874,4333,4333,47,3899,3917,3899,3900,690,3423,179,348,1231,183,1229,239,3431,1792,82,3562,2310,3560,2376,2376,2329,2332,4369,4367,4365,4363,4361,4364,4364,4364,4362,4370,4370,4371,4373,4373,4372,2500,3600,4376,4376,4376,4376,3616,3618,4109,2547,2572,2572,2572,2572,2598,2599,1283,1283,2116,2108,2111,2111,1513,738,1183,1184,1892,1142,1142,1142,1141,1083,1083,1086,1084,1086,638,1085,581,1030,580,537,537
